--
-- PostgreSQL database dump
--

\restrict fkDWDSImRThj74dsFhxBfqOQ5ZzMepQ6AJmEm5NHgqb28YusddNfgRlK8cSr3sA

-- Dumped from database version 18.3
-- Dumped by pg_dump version 18.3

-- Started on 2026-06-14 01:42:37

SET statement_timeout = 0;
SET lock_timeout = 0;
SET idle_in_transaction_session_timeout = 0;
SET transaction_timeout = 0;
SET client_encoding = 'UTF8';
SET standard_conforming_strings = on;
SELECT pg_catalog.set_config('search_path', '', false);
SET check_function_bodies = false;
SET xmloption = content;
SET client_min_messages = warning;
SET row_security = off;

--
-- TOC entry 231 (class 1255 OID 16720)
-- Name: calcular_comision(); Type: FUNCTION; Schema: public; Owner: postgres
--

CREATE FUNCTION public.calcular_comision() RETURNS trigger
    LANGUAGE plpgsql
    AS $$
BEGIN
    NEW.valor_comision :=
        NEW.valor_factura * (NEW.porcentaje_comision / 100);

    RETURN NEW;
END;
$$;


ALTER FUNCTION public.calcular_comision() OWNER TO postgres;

SET default_tablespace = '';

SET default_table_access_method = heap;

--
-- TOC entry 224 (class 1259 OID 16557)
-- Name: clientes; Type: TABLE; Schema: public; Owner: postgres
--

CREATE TABLE public.clientes (
    id_cliente integer NOT NULL,
    nombre character varying(150) NOT NULL,
    nit_cc character varying(30),
    telefono character varying(20) NOT NULL,
    telefono_alt character varying(20),
    direccion_principal text,
    direccion_alterna text,
    created_at timestamp without time zone DEFAULT CURRENT_TIMESTAMP,
    created_by integer,
    updated_at timestamp without time zone,
    updated_by integer,
    activo boolean DEFAULT true,
    observaciones text,
    CONSTRAINT chk_telefonos_diferentes CHECK (((telefono_alt IS NULL) OR ((telefono)::text <> (telefono_alt)::text)))
);


ALTER TABLE public.clientes OWNER TO postgres;

--
-- TOC entry 223 (class 1259 OID 16556)
-- Name: clientes_id_cliente_seq; Type: SEQUENCE; Schema: public; Owner: postgres
--

CREATE SEQUENCE public.clientes_id_cliente_seq
    AS integer
    START WITH 1
    INCREMENT BY 1
    NO MINVALUE
    NO MAXVALUE
    CACHE 1;


ALTER SEQUENCE public.clientes_id_cliente_seq OWNER TO postgres;

--
-- TOC entry 5126 (class 0 OID 0)
-- Dependencies: 223
-- Name: clientes_id_cliente_seq; Type: SEQUENCE OWNED BY; Schema: public; Owner: postgres
--

ALTER SEQUENCE public.clientes_id_cliente_seq OWNED BY public.clientes.id_cliente;


--
-- TOC entry 220 (class 1259 OID 16511)
-- Name: empleados; Type: TABLE; Schema: public; Owner: postgres
--

CREATE TABLE public.empleados (
    id_empleado integer NOT NULL,
    nombre character varying(150) NOT NULL,
    cedula character varying(30) NOT NULL,
    telefono character varying(20),
    direccion_principal text,
    direccion_alterna text,
    cargo character varying(100),
    salario numeric(14,2) DEFAULT 0,
    created_at timestamp without time zone DEFAULT CURRENT_TIMESTAMP,
    created_by integer,
    updated_at timestamp without time zone,
    updated_by integer,
    activo boolean DEFAULT true,
    CONSTRAINT empleados_salario_check CHECK ((salario >= (0)::numeric))
);


ALTER TABLE public.empleados OWNER TO postgres;

--
-- TOC entry 219 (class 1259 OID 16510)
-- Name: empleados_id_empleado_seq; Type: SEQUENCE; Schema: public; Owner: postgres
--

CREATE SEQUENCE public.empleados_id_empleado_seq
    AS integer
    START WITH 1
    INCREMENT BY 1
    NO MINVALUE
    NO MAXVALUE
    CACHE 1;


ALTER SEQUENCE public.empleados_id_empleado_seq OWNER TO postgres;

--
-- TOC entry 5127 (class 0 OID 0)
-- Dependencies: 219
-- Name: empleados_id_empleado_seq; Type: SEQUENCE OWNED BY; Schema: public; Owner: postgres
--

ALTER SEQUENCE public.empleados_id_empleado_seq OWNED BY public.empleados.id_empleado;


--
-- TOC entry 228 (class 1259 OID 16589)
-- Name: productos; Type: TABLE; Schema: public; Owner: postgres
--

CREATE TABLE public.productos (
    id_producto integer NOT NULL,
    codigo character varying(30) NOT NULL,
    nombre character varying(150) NOT NULL,
    id_tipo_producto integer NOT NULL,
    presentacion character varying(100) NOT NULL,
    valor numeric(14,2) NOT NULL,
    descripcion text,
    created_at timestamp without time zone DEFAULT CURRENT_TIMESTAMP,
    created_by integer,
    updated_at timestamp without time zone,
    updated_by integer,
    activo boolean DEFAULT true,
    imagen_url text,
    CONSTRAINT productos_valor_check CHECK ((valor >= (0)::numeric))
);


ALTER TABLE public.productos OWNER TO postgres;

--
-- TOC entry 227 (class 1259 OID 16588)
-- Name: productos_id_producto_seq; Type: SEQUENCE; Schema: public; Owner: postgres
--

CREATE SEQUENCE public.productos_id_producto_seq
    AS integer
    START WITH 1
    INCREMENT BY 1
    NO MINVALUE
    NO MAXVALUE
    CACHE 1;


ALTER SEQUENCE public.productos_id_producto_seq OWNER TO postgres;

--
-- TOC entry 5128 (class 0 OID 0)
-- Dependencies: 227
-- Name: productos_id_producto_seq; Type: SEQUENCE OWNED BY; Schema: public; Owner: postgres
--

ALTER SEQUENCE public.productos_id_producto_seq OWNED BY public.productos.id_producto;


--
-- TOC entry 226 (class 1259 OID 16574)
-- Name: tipo_producto; Type: TABLE; Schema: public; Owner: postgres
--

CREATE TABLE public.tipo_producto (
    id_tipo_producto integer NOT NULL,
    nombre character varying(100) NOT NULL,
    descripcion text,
    created_at timestamp without time zone DEFAULT CURRENT_TIMESTAMP,
    created_by integer,
    updated_at timestamp without time zone,
    updated_by integer,
    activo boolean DEFAULT true
);


ALTER TABLE public.tipo_producto OWNER TO postgres;

--
-- TOC entry 225 (class 1259 OID 16573)
-- Name: tipo_producto_id_tipo_producto_seq; Type: SEQUENCE; Schema: public; Owner: postgres
--

CREATE SEQUENCE public.tipo_producto_id_tipo_producto_seq
    AS integer
    START WITH 1
    INCREMENT BY 1
    NO MINVALUE
    NO MAXVALUE
    CACHE 1;


ALTER SEQUENCE public.tipo_producto_id_tipo_producto_seq OWNER TO postgres;

--
-- TOC entry 5129 (class 0 OID 0)
-- Dependencies: 225
-- Name: tipo_producto_id_tipo_producto_seq; Type: SEQUENCE OWNED BY; Schema: public; Owner: postgres
--

ALTER SEQUENCE public.tipo_producto_id_tipo_producto_seq OWNED BY public.tipo_producto.id_tipo_producto;


--
-- TOC entry 222 (class 1259 OID 16531)
-- Name: usuarios; Type: TABLE; Schema: public; Owner: postgres
--

CREATE TABLE public.usuarios (
    id_usuario integer NOT NULL,
    cedula character varying(30) CONSTRAINT usuarios_id_empleado_not_null NOT NULL,
    correo character varying(150) NOT NULL,
    password_hash text NOT NULL,
    rol character varying(20) NOT NULL,
    ultimo_login timestamp without time zone,
    created_at timestamp without time zone DEFAULT CURRENT_TIMESTAMP,
    created_by integer,
    updated_at timestamp without time zone,
    updated_by integer,
    activo boolean DEFAULT true,
    reset_token text,
    reset_token_expires timestamp with time zone
);


ALTER TABLE public.usuarios OWNER TO postgres;

--
-- TOC entry 221 (class 1259 OID 16530)
-- Name: usuarios_id_usuario_seq; Type: SEQUENCE; Schema: public; Owner: postgres
--

CREATE SEQUENCE public.usuarios_id_usuario_seq
    AS integer
    START WITH 1
    INCREMENT BY 1
    NO MINVALUE
    NO MAXVALUE
    CACHE 1;


ALTER SEQUENCE public.usuarios_id_usuario_seq OWNER TO postgres;

--
-- TOC entry 5130 (class 0 OID 0)
-- Dependencies: 221
-- Name: usuarios_id_usuario_seq; Type: SEQUENCE OWNED BY; Schema: public; Owner: postgres
--

ALTER SEQUENCE public.usuarios_id_usuario_seq OWNED BY public.usuarios.id_usuario;


--
-- TOC entry 230 (class 1259 OID 16614)
-- Name: ventas; Type: TABLE; Schema: public; Owner: postgres
--

CREATE TABLE public.ventas (
    id_venta integer NOT NULL,
    id_cliente integer NOT NULL,
    id_usuario integer NOT NULL,
    id_empleado_comision integer NOT NULL,
    fecha_factura date DEFAULT CURRENT_DATE NOT NULL,
    fecha_entrega date NOT NULL,
    valor_factura numeric(14,2) NOT NULL,
    porcentaje_comision numeric(5,2) DEFAULT 0,
    valor_comision numeric(14,2) DEFAULT 0,
    valor_domicilio numeric(14,2) DEFAULT 0,
    observaciones text,
    estado character varying(30) DEFAULT 'REGISTRADA'::character varying,
    created_at timestamp without time zone DEFAULT CURRENT_TIMESTAMP,
    created_by integer,
    updated_at timestamp without time zone,
    updated_by integer,
    activo boolean DEFAULT true,
    CONSTRAINT ventas_porcentaje_comision_check CHECK ((porcentaje_comision >= (0)::numeric)),
    CONSTRAINT ventas_valor_domicilio_check CHECK ((valor_domicilio >= (0)::numeric)),
    CONSTRAINT ventas_valor_factura_check CHECK ((valor_factura >= (0)::numeric))
);


ALTER TABLE public.ventas OWNER TO postgres;

--
-- TOC entry 229 (class 1259 OID 16613)
-- Name: ventas_id_venta_seq; Type: SEQUENCE; Schema: public; Owner: postgres
--

CREATE SEQUENCE public.ventas_id_venta_seq
    AS integer
    START WITH 1
    INCREMENT BY 1
    NO MINVALUE
    NO MAXVALUE
    CACHE 1;


ALTER SEQUENCE public.ventas_id_venta_seq OWNER TO postgres;

--
-- TOC entry 5131 (class 0 OID 0)
-- Dependencies: 229
-- Name: ventas_id_venta_seq; Type: SEQUENCE OWNED BY; Schema: public; Owner: postgres
--

ALTER SEQUENCE public.ventas_id_venta_seq OWNED BY public.ventas.id_venta;


--
-- TOC entry 4889 (class 2604 OID 16560)
-- Name: clientes id_cliente; Type: DEFAULT; Schema: public; Owner: postgres
--

ALTER TABLE ONLY public.clientes ALTER COLUMN id_cliente SET DEFAULT nextval('public.clientes_id_cliente_seq'::regclass);


--
-- TOC entry 4882 (class 2604 OID 16514)
-- Name: empleados id_empleado; Type: DEFAULT; Schema: public; Owner: postgres
--

ALTER TABLE ONLY public.empleados ALTER COLUMN id_empleado SET DEFAULT nextval('public.empleados_id_empleado_seq'::regclass);


--
-- TOC entry 4895 (class 2604 OID 16592)
-- Name: productos id_producto; Type: DEFAULT; Schema: public; Owner: postgres
--

ALTER TABLE ONLY public.productos ALTER COLUMN id_producto SET DEFAULT nextval('public.productos_id_producto_seq'::regclass);


--
-- TOC entry 4892 (class 2604 OID 16577)
-- Name: tipo_producto id_tipo_producto; Type: DEFAULT; Schema: public; Owner: postgres
--

ALTER TABLE ONLY public.tipo_producto ALTER COLUMN id_tipo_producto SET DEFAULT nextval('public.tipo_producto_id_tipo_producto_seq'::regclass);


--
-- TOC entry 4886 (class 2604 OID 16534)
-- Name: usuarios id_usuario; Type: DEFAULT; Schema: public; Owner: postgres
--

ALTER TABLE ONLY public.usuarios ALTER COLUMN id_usuario SET DEFAULT nextval('public.usuarios_id_usuario_seq'::regclass);


--
-- TOC entry 4898 (class 2604 OID 16617)
-- Name: ventas id_venta; Type: DEFAULT; Schema: public; Owner: postgres
--

ALTER TABLE ONLY public.ventas ALTER COLUMN id_venta SET DEFAULT nextval('public.ventas_id_venta_seq'::regclass);


--
-- TOC entry 5114 (class 0 OID 16557)
-- Dependencies: 224
-- Data for Name: clientes; Type: TABLE DATA; Schema: public; Owner: postgres
--

COPY public.clientes (id_cliente, nombre, nit_cc, telefono, telefono_alt, direccion_principal, direccion_alterna, created_at, created_by, updated_at, updated_by, activo, observaciones) FROM stdin;
123	MARCELA CLTE	\N	(310)-449-1965	\N	CALLE 11A # 36A - 35 APTO 1106 URBANIZACIÓN AGATA TORRE 2 POBLADO - LALINDE	\N	2026-05-23 13:04:52.568414	2	2026-05-23 13:04:52.568414	2	t	\N
124	DANIELA	\N	(314)-684-9098	\N	CLL 13 SUR # 4-85 CANTAGIRONE NATURA CASA 34. \nDE LAS PALMAS	\N	2026-05-23 13:04:52.568414	2	2026-05-23 13:04:52.568414	2	t	\N
125	RAUL RAMIREZ	\N	(315)-514-7183	\N	CRA. 13 # 11-57 CASA 109  PATIO DE PIEDRA POBLADO	\N	2026-05-23 13:04:52.568414	2	2026-05-23 13:04:52.568414	2	t	\N
126	JAIME PALACIO	\N	3104755719	\N	GIRARDOTA	\N	2026-05-23 13:04:52.568414	2	2026-05-23 13:04:52.568414	2	t	\N
127	Nancy Rios - Juan Carlos Valencia	\N	3043543113	\N	Calle 7B #17-30, Condominio Santa Clara, en la loma de las santas, al frente del mall Verona en el poblado, el consejo se reúne en el salón social de la unidad	\N	2026-05-23 13:04:52.568414	2	2026-05-23 13:04:52.568414	2	t	\N
128	KATHERINE CLTE	\N	(317)-535-7011	\N	CLL 2 B SUR # 19 C 81   \nCANTO DE LA CASCADA  \nCASA 119	\N	2026-05-23 13:04:52.568414	2	2026-05-23 13:04:52.568414	2	t	\N
129	LEIDY (OSIRIS)	\N	(604)-598-4179	\N	Calle 13 sur # 17-19 \nEnvigado  \nBarrio Zúñiga	\N	2026-05-23 13:04:52.568414	2	2026-05-23 13:04:52.568414	2	t	\N
130	LUIS ENRRIQUE LONDOÑO	\N	3017911136	\N	arrera 63 No. 44-305, bloque 10,  Apartamento 401, \nUrbanización LA Macarena, Medellín	\N	2026-05-23 13:04:52.568414	2	2026-05-23 13:04:52.568414	2	t	\N
131	LUZ ELENA ARANGO	\N	3113196006	\N	CALLE 36 SUR #17-10 Apto 903 Urbanización Entreparques Envigado	\N	2026-05-23 13:04:52.568414	2	2026-05-23 13:04:52.568414	2	t	\N
132	MARCELA GARCIA	\N	3113315807	\N	Envigado Transversal 17 A SUR # 41-13 Torre 2 Apto 403 \nTorre Alba es la unidad - por la Clínica del sur de las \nAméricas, antes de la cancha la paloma	\N	2026-05-23 13:04:52.568414	2	2026-05-23 13:04:52.568414	2	t	\N
133	MARTA ELENA MARQUEZ	\N	3006536665	\N	Cra 86 # 49DD-115 Apto 106 - La Arboleda 2 - CALAZANS	\N	2026-05-23 13:04:52.568414	2	2026-05-23 13:04:52.568414	2	t	\N
134	MAXIMILIANO	\N	3137601117	\N	CRR. 15# 1A SUR -155  \nAPTO 1105  \nALTO TESORO	\N	2026-05-23 13:04:52.568414	2	2026-05-23 13:04:52.568414	2	t	\N
135	MIGUEL CORREA	\N	3193843411	\N	COPACABANA	\N	2026-05-23 13:04:52.568414	2	2026-05-23 13:04:52.568414	2	t	\N
136	NUVIA	\N	3011159331	\N	Alejandro lleva	\N	2026-05-23 13:04:52.568414	2	2026-05-23 13:04:52.568414	2	t	\N
137	PATRICIA ARCILA CORREA	\N	3111976463	\N	CALLE 11 B  # 41-89 EDIFICIO EL CORHAL APARTAMENTO 401 POBLADO EN LA LOMA DE LALINDE A CUADRA Y MEDIA SUBIENDO DE LA AVENIDA EL POBLADO	\N	2026-05-23 13:04:52.568414	2	2026-05-23 13:04:52.568414	2	t	\N
138	PATRICIA MARTI	\N	3136013343	\N	CLL 2 SUR 10 185 Ed TWINS Apto 1310	\N	2026-05-23 13:04:52.568414	2	2026-05-23 13:04:52.568414	2	t	\N
139	PILAR (CARLOS ESCOBAR)	\N	3006101413	\N	CRR. 38 # 16 - 343   \nCASTELLON DE SAN DIEGO  \nTORRE1 APTO 611	\N	2026-05-23 13:04:52.568414	2	2026-05-23 13:04:52.568414	2	t	\N
140	SOCORRO	\N	3155161008	\N	KILOMETRO 9 VIA LAS PALMAS	\N	2026-05-23 13:04:52.568414	2	2026-05-23 13:04:52.568414	2	t	\N
141	VICTORIA LONDOÑO	\N	3116115968	\N	Circular 2#68-99 Apto 701 Edificio Toronto \nBarrio San Joaquín	\N	2026-05-23 13:04:52.568414	2	2026-05-23 13:04:52.568414	2	t	\N
142	YAJA	\N	3113645671	\N	Calle 91F #83-17 Robledo Miramar (Cerca al colegio Jorge \nEliecer Gaitán)	\N	2026-05-23 13:04:52.568414	2	2026-05-23 13:04:52.568414	2	t	\N
143	YOLANDA	\N	3011416413	\N	Calle 10 # 30-110 Bosques de la concha apto 303	\N	2026-05-23 13:04:52.568414	2	2026-05-23 13:04:52.568414	2	t	\N
144	YULEIMA (Ayda Sepúlveda)	\N	3148899174	\N	CRR. 58A # 53- 44 BARRIO EL CARMELO	\N	2026-05-23 13:04:52.568414	2	2026-05-23 13:04:52.568414	2	t	\N
145	ZAHR ACOSTA	\N	3118675873	\N	RECOGE	\N	2026-05-23 13:04:52.568414	2	2026-05-23 13:04:52.568414	2	t	\N
146	MONICA ARANGO	\N	(300)-654-3384	\N	CRR 35 #19- 81 UNIDAD RECIDENCIAL SANDIEGO DE LAS PALMAS APTO 1101	\N	2026-05-23 13:04:52.568414	2	2026-05-23 13:04:52.568414	2	t	\N
147	CONCRETERA TREMIX SAS	\N	(604)3013911	\N	Cr 47F 81sur -04	\N	2026-05-23 13:04:52.568414	2	2026-05-23 13:04:52.568414	2	t	\N
148	CAROLINA GOMEZ	\N	3137974377	\N	CARRERA 63 # 49-04 CASA 118 URBANIZACIÓN ROSA DEL \nVIENTO - BARRIO MISERICORDIA COPACABANA	\N	2026-05-23 13:04:52.568414	2	2026-05-23 13:04:52.568414	2	t	\N
149	RICHAR	\N	3041011781	\N	RECOGE	\N	2026-05-23 13:04:52.568414	2	2026-05-23 13:04:52.568414	2	t	\N
150	MAGDALENA (LUIS BEDOYA)	\N	3051933819	\N	CALLE 31B # 81B -15 APTO 101 BLOQUE 14 VILLA DE ABURRA	\N	2026-05-23 13:04:52.568414	2	2026-05-23 13:04:52.568414	2	t	\N
151	GUSTAVO ROJAS	\N	3004047499	\N	CALLE 2 SUR 18- 191 APTO 1701 \nEDIFICIO CHAPELET \nEL POBLADO	\N	2026-05-23 13:04:52.568414	2	2026-05-23 13:04:52.568414	2	t	\N
152	GUSTAVO ROJAS	\N	3113561410	\N	CALLE 2 SUR 18- 191 APTO 1701 \nEDIFICIO CHAPELET \nEL POBLADO	\N	2026-05-23 13:04:52.568414	2	2026-05-23 13:04:52.568414	2	t	\N
153	CARLOS FIGUEROA A	\N	3147710878	\N	CRA. 47 # 2-95, BLOQUE 3, 101 EL FUTURO PATIO BONITO EL POBLADO	\N	2026-05-23 13:04:52.568414	2	2026-05-23 13:04:52.568414	2	t	\N
154	CAROLINA RAMIREZ	\N	3014053333	\N	Carrera 33A #35 -18  \nBARRIO LORETO	\N	2026-05-23 13:04:52.568414	2	2026-05-23 13:04:52.568414	2	t	\N
155	JORGE C	\N	3107150448	\N	CALLE 31 SUR # 47 – 46 PORTAL DEL CALLE TORRE 5 APTO 113  \nAL FRENTE DEL COLOMBIANO EN LA AVENIDA LAS VEGAS	\N	2026-05-23 13:04:52.568414	2	2026-05-23 13:04:52.568414	2	t	\N
156	JUAN CARLOS HERRERA	\N	3001119719	(604)-184-7908	CRR. 41 # 59-15 APTO 101	\N	2026-05-23 13:04:52.568414	2	2026-05-23 13:04:52.568414	2	t	\N
157	JULIO C RESTREPO C	\N	3137931766	\N	CARRERA 80 N 44B 15  \nBARRIO LA AMERICA	\N	2026-05-23 13:04:52.568414	2	2026-05-23 13:04:52.568414	2	t	\N
158	JORGE MESA	\N	3104710648	\N	Calle 6sur # 31A 131 Bloque B1 Apt 101 Urbanización Montetery	\N	2026-05-23 13:04:52.568414	2	2026-05-23 13:04:52.568414	2	t	\N
159	ALEJANDRA ERAZO	\N	3107446045	\N	Cra 10 # 2-33 \nEstelar la torre suites\nApto 1903 \nPoblado - Loma del tesoro	\N	2026-05-23 13:04:52.568414	2	2026-05-23 13:04:52.568414	2	t	\N
160	AMPARO MEJIA	\N	3136141866	\N	Calle  6 A No 19-131 Edificio MALAGA No 2. Loma del tésoro	\N	2026-05-23 13:04:52.568414	2	2026-05-23 13:04:52.568414	2	t	\N
161	CARLOS	\N	3113457533	\N	Alejandro lleva	\N	2026-05-23 13:04:52.568414	2	2026-05-23 13:04:52.568414	2	t	\N
162	CATALINA FERNANDEZ	\N	3006679356	\N	CALLE 10 #30 -110 APTO 303 BOSQUE DE LA CONCHA	\N	2026-05-23 13:04:52.568414	2	2026-05-23 13:04:52.568414	2	t	\N
163	CINTHYA	\N	3014585180	\N	Alejandro lleva	\N	2026-05-23 13:04:52.568414	2	2026-05-23 13:04:52.568414	2	t	\N
164	CONRRADO	\N	3155063090	\N	Alejandro lleva	\N	2026-05-23 13:04:52.568414	2	2026-05-23 13:04:52.568414	2	t	\N
165	EMA DUQUE	\N	3006113117	\N	CALLE 11 A # 36A- 35 EDIFICIO AGATA APTO 806	\N	2026-05-23 13:04:52.568414	2	2026-05-23 13:04:52.568414	2	t	\N
166	HERNANDO	\N	3017656751	\N	CLLE. 6A #18 - 115	\N	2026-05-23 13:04:52.568414	2	2026-05-23 13:04:52.568414	2	t	\N
167	LINA CARDENAS	\N	3137961631	\N	CALLE  51 # 84-181 APTO 315 UNIDAD RECIDENCIAL FARALLONES CALASANZ	\N	2026-05-23 13:04:52.568414	2	2026-05-23 13:04:52.568414	2	t	\N
168	LUIS CARVAJAL	\N	313466118	3136161107	Carrera 80 #105a-17  \nBarrio 11 de octubre  \nCasa-segundo piso	\N	2026-05-23 13:04:52.568414	2	2026-05-23 13:04:52.568414	2	t	\N
169	MAGNOLIA RAMIREZ	\N	3178531501	\N	Cra 59 # 17b 510 ciudadela Amazonia \nUnidad caminos del viento \nTorre 2 apto 1608	\N	2026-05-23 13:04:52.568414	2	2026-05-23 13:04:52.568414	2	t	\N
170	MARYRUBI ALVARADO	\N	3113563081	\N	CRR. 55 # 54A - 31 RESERVAS DEL PARQUE ITAGUI	\N	2026-05-23 13:04:52.568414	2	2026-05-23 13:04:52.568414	2	t	\N
171	MIRELLA	\N	3134984066	\N	CASA 50 DE COPACABANA. DÓNDE ES LA FINCA NUESTRA, URB CAMPESTRE VILLA ROCA 2	\N	2026-05-23 13:04:52.568414	2	2026-05-23 13:04:52.568414	2	t	\N
172	NICOLAS	\N	3186104113	\N	CRA. 65 # 103-96 APTO 101 \nBARRIO. GIRARDOT MEDELLIN	\N	2026-05-23 13:04:52.568414	2	2026-05-23 13:04:52.568414	2	t	\N
173	ALEXANDRA	\N	3155095570	\N	CALLE 2 SUR # 18- 100 APTO 1301 EDIFICIO MILLAU AL FRENTE DE LA CLINICA DEL ROSARIO	\N	2026-05-23 13:04:52.568414	2	2026-05-23 13:04:52.568414	2	t	\N
174	ANGELICA FERNANDEZ	\N	3113499195	\N	CALLE 17 SUR # 45-86 APTO 301 EDI. STA MA DE LOS ALMENDROS	\N	2026-05-23 13:04:52.568414	2	2026-05-23 13:04:52.568414	2	t	\N
175	LILIANA LOAIZA	\N	3001071199	\N	CALLE 7 #83-31 APTO 1111 TORRE6 URBANIZACIÓN SIEMPRE \nVERDE LOMA BERNAL	\N	2026-05-23 13:04:52.568414	2	2026-05-23 13:04:52.568414	2	t	\N
176	YOHANA GRAJALES	\N	3508586961	\N	CL. 77 # 49-  8 campo Valdés	\N	2026-05-23 13:04:52.568414	2	2026-05-23 13:04:52.568414	2	t	\N
177	CLARA VICTORIA GALLEGO	\N	3155686900	\N	CRR. 31 # 8 - 48 APTO 801  \nEDIFICIO LAS YEDRAS	\N	2026-05-23 13:04:52.568414	2	2026-05-23 13:04:52.568414	2	t	\N
178	MONICA JARAMILLO	\N	3056071817	\N	CRR.  43C # 5-151 Edificio El Limonar  \nApartamento 101	\N	2026-05-23 13:04:52.568414	2	2026-05-23 13:04:52.568414	2	t	\N
179	JULIANA MOLVE	\N	3113304751	\N	Cra 41 # 2-135 \nApartamento San Fernando Plaza \nApto 401	\N	2026-05-23 13:04:52.568414	2	2026-05-23 13:04:52.568414	2	t	\N
180	MARGARITA BOTERO	\N	3148115749	\N	CLL 31 A # 69-11 APTO 708 EDIFICIO SAN BARTALOME	\N	2026-05-23 13:04:52.568414	2	2026-05-23 13:04:52.568414	2	t	\N
181	MARTHA CECILIA CARDONA	\N	3118508316	\N	\N	\N	2026-05-23 13:04:52.568414	2	2026-05-23 13:04:52.568414	2	t	\N
182	RITA	\N	3111687579	\N	CRR. 16 # 11 SUR- 110  \nEDIFICIO PAPYRUS DELUXE  \nAPTO. 1901	\N	2026-05-23 13:04:52.568414	2	2026-05-23 13:04:52.568414	2	t	\N
183	ASTRID ESCOBAR	\N	(313)-644-7611	\N	CRR. 10 # 11 SUR 15 CLUB LOS ALAMOS CASA 11	\N	2026-05-23 13:04:52.568414	2	2026-05-23 13:04:52.568414	2	t	\N
184	KATHERINE MOSQUERA VALENCIA	\N	(300)-750-7597	(11)-111-1111	UNIDAD RECIDENCIAL CURAZAO APTO 1514	PRUEBAS  2	2026-05-23 13:04:52.568414	2	2026-05-23 13:04:52.568414	2	t	\N
185	OSIRIS HERNANDEZ VALENCIA	\N	(301)-338-8006	\N	POR DEFINIR	\N	2026-05-23 13:04:52.568414	2	2026-05-23 13:04:52.568414	2	t	\N
186	EMPRESA NEOSTELLA (DEISY GARCIA)	\N	(301)-679-7668	\N	SEDE MERIDIAM (CLLE 5A #43B- 15 - PISO 11)	SEDE ONE PLAZA (AVENIDA EL POBLADO # 5A-113 Edif. NORTE - PISO 9)	2026-05-23 13:04:52.568414	2	2026-05-23 13:04:52.568414	2	t	\N
187	PROVANA COLOMBIA S.A.S (SARA)	901831511-4	3118911709	\N	SEDE ONE PLAZA (AVENIDA EL POBLADO # 5A-113 Edif. TORRE SUR - PISO 9)	SEDE ONE PLAZA (AVENIDA EL POBLADO # 5A-113 Edif. TORRE SUR - PISO 2)	2026-05-23 13:04:52.568414	2	2026-05-23 13:04:52.568414	2	t	\N
188	FAYSURI RIOS	\N	(318)-349-5444	\N	CARRERA 51 # 11 SUR 50 FABRICA DE CALZADO 70 AVENIDA GUAYABAL	\N	2026-05-23 13:04:52.568414	2	2026-05-23 13:04:52.568414	2	t	\N
189	SEBASTIAN RESTREPO	\N	(305)-304-8630	\N	CALLE 36 NO. 64A-67 CONQUISTADORES	\N	2026-05-23 13:04:52.568414	2	2026-05-23 13:04:52.568414	2	t	\N
190	RAFAEL DEL CORRAL - FRONTERA	\N	(310)-736-9771	\N	BODEGON DE FRONTERA	\N	2026-05-23 13:04:52.568414	2	2026-05-23 13:04:52.568414	2	t	\N
191	RAFAES DEL CORRAL - COMPLEX	\N	(311)-848-0106	\N	BODEGON DE COMPLEX	\N	2026-05-23 13:04:52.568414	2	2026-05-23 13:04:52.568414	2	t	\N
192	PATRICK'S IRISH PUB	\N	(311)-734-1665	\N	CRA. 37A #8 A 43, EL POBLADO, MEDELLÍN	\N	2026-05-23 13:04:52.568414	2	2026-05-23 13:04:52.568414	2	t	\N
193	CAFETERIA (NUVIA)	\N	(301)-151-9331	\N	CENTRO COMERCIAL NIQUIA	\N	2026-05-23 13:04:52.568414	2	2026-05-23 13:04:52.568414	2	t	\N
194	CAFE PASIÓN (BEILLIN)	\N	304 5145195	\N	CENTRO COMERCIAL BEILLIN	\N	2026-05-23 13:04:52.568414	2	2026-05-23 13:04:52.568414	2	t	\N
195	FRUTOS DEL MAR (ANGELICA ALBARRACIN)	\N	(301)-788-3977	\N	CRA. 43B #11 51, EL POBLADO, MEDELLÍN,	\N	2026-05-23 13:04:52.568414	2	2026-05-23 13:04:52.568414	2	t	\N
196	SACHI	\N	(111)-111-1111	\N	\N	\N	2026-05-23 13:04:52.568414	2	2026-05-23 13:04:52.568414	2	t	\N
197	HERNAN BETANCUR	\N	(311)-474-9584	\N	CRRERA 47 # 56-18 IGLESIA SANTA CATALINA DE BELLO	\N	2026-05-23 13:04:52.568414	2	2026-05-23 13:04:52.568414	2	t	\N
198	JORGE GOMEZ ALZATE	\N	(318)-430-1811	\N	CRA 43B#16-41 PISO 16	\N	2026-05-23 13:04:52.568414	2	2026-05-23 13:04:52.568414	2	t	\N
199	CLARA GAITAN	\N	(319)-797-1436	\N	RECOGE	\N	2026-05-23 13:04:52.568414	2	2026-05-23 13:04:52.568414	2	t	\N
200	MARY LUZ GIL CEBALLOS CLTA	\N	(300)-608-1361	\N	RIONEGRO	CLL 75 # 71B-55 APTO 1108. PLAZA PILARICA	2026-05-23 13:04:52.568414	2	2026-05-23 13:04:52.568414	2	t	\N
201	KARINA MOSQUERA	\N	(313)-396-9484	\N	RECOGE	\N	2026-05-23 13:04:52.568414	2	2026-05-23 13:04:52.568414	2	t	\N
202	DIANA CLTA	\N	(300)-618-1581	\N	CR 35 # 2 A SUR 04 APT 501 EDIFICIO OBRA DIECINUEVE	\N	2026-05-23 13:04:52.568414	2	2026-05-23 13:04:52.568414	2	t	\N
203	MARGARITA SOTO	\N	(315)-411-4564	\N	CALLE 5 SUR NÚMERO 15-130 PARQUE RESIDENCIAL LA CAMPIÑA	\N	2026-05-23 13:04:52.568414	2	2026-05-23 13:04:52.568414	2	t	\N
204	ESTEFANNY RODRIGUEZ	\N	(310)-377-3611	\N	CALLE 10 # 43G-111 DISTRITO VERA APTO 1510 CIUDAD DEL RIO	\N	2026-05-23 13:04:52.568414	2	2026-05-23 13:04:52.568414	2	t	\N
205	ENITH YASSIRA MARTÍNEZ ARBOLEDA	\N	(300)-164-7015	\N	CARRERA 43A #15A 89	\N	2026-05-23 13:04:52.568414	2	2026-05-23 13:04:52.568414	2	t	\N
206	BLANCA (DON JHON)	\N	(311)-451-9965	\N	CARRERA 15 # 19 SUR 183 CASA 101 SAN MARCOS DE LA SIERRA	\N	2026-05-23 13:04:52.568414	2	2026-05-23 13:04:52.568414	2	t	\N
207	LILIANA MOSQUERA	\N	(305)-356-4055	\N	CARRERA 11 CC # 49-71 INTERIOR 301 BUENOS AIRES LA PASTORA -MEDELLIN ANTIOQUIA	\N	2026-05-23 13:04:52.568414	2	2026-05-23 13:04:52.568414	2	t	\N
208	RICHAR PERSONAL	\N	(301)-568-8131	\N	RECOGE	\N	2026-05-23 13:04:52.568414	2	2026-05-23 13:04:52.568414	2	t	\N
209	NEYLA SIERRA	\N	(311)-771-8177	\N	CALLE 7 A SUR 38-59 ED MAGALLANES APTO 1603	\N	2026-05-23 13:04:52.568414	2	2026-05-23 13:04:52.568414	2	t	\N
210	GLORIA RENGIFO CLTA	\N	(311)-347-6971	\N	CALLE 10 # 30-110 APTO 103 BOSQUES DE LA CONCHA	\N	2026-05-23 13:04:52.568414	2	2026-05-23 13:04:52.568414	2	t	\N
211	PAULA LENIS	\N	(310)-851-3748	\N	CARRERA 51 B # 94 - 93 PISO 2	\N	2026-05-23 13:04:52.568414	2	2026-05-23 13:04:52.568414	2	t	\N
212	DOÑA DIANA	\N	(313)-615-0933	\N	ENTREGA ALEJO	\N	2026-05-23 13:04:52.568414	2	2026-05-23 13:04:52.568414	2	t	\N
213	JULIAN MORENO	\N	(301)-738-3618	\N	CENTRO EMPRESARIAL OLAYA HERRERA LOCAL 301	\N	2026-05-23 13:04:52.568414	2	2026-05-23 13:04:52.568414	2	t	\N
214	DIEGO ALFARO	\N	(313)-349-8558	\N	DIAGONAL 75 B # 2-189 KALAMARY 2 ETAPA 2 CASA 185. SOBRE LA 80 AL TODO EL FRENTE DE CLÍNICA LAS AMERICAS AL LADO DE LA BOMBA DE TERPEL	\N	2026-05-23 13:04:52.568414	2	2026-05-23 13:04:52.568414	2	t	\N
215	VIVIANA MARCELA VELEZ CORTEZ	\N	(310)-386-0575	\N	CALLE 47B CARRERA 101-68 INTERIOR 101 BARRIO SAN JAVIER	\N	2026-05-23 13:04:52.568414	2	2026-05-23 13:04:52.568414	2	t	\N
216	PEDRO LUIS FLOREZ MAESTRA	\N	(311)-776-5008	\N	CALLE 36 SUR # 17-10 URBANIZACIÓN ENTREPARQUES APTO 903 ENVIGADO	\N	2026-05-23 13:04:52.568414	2	2026-05-23 13:04:52.568414	2	t	\N
217	SHIRLEY ORTIZ RESTREPO	\N	(314)-635-1561	\N	CARRERA 63C # 41-35 LAURELES POR LA CANALIZACIÓN	\N	2026-05-23 13:04:52.568414	2	2026-05-23 13:04:52.568414	2	t	\N
218	LISETTE	\N	(311)-131-8161	\N	PENDIENTE	\N	2026-05-23 13:04:52.568414	2	2026-05-23 13:04:52.568414	2	t	\N
\.


--
-- TOC entry 5110 (class 0 OID 16511)
-- Dependencies: 220
-- Data for Name: empleados; Type: TABLE DATA; Schema: public; Owner: postgres
--

COPY public.empleados (id_empleado, nombre, cedula, telefono, direccion_principal, direccion_alterna, cargo, salario, created_at, created_by, updated_at, updated_by, activo) FROM stdin;
1	Lili y su sazón completa	44004348	3007507597	Calle 112 #51 A 15	Medellín, Antioquia	Administrador	2500.00	2026-05-07 16:40:21.691014	\N	\N	\N	t
3	Ventas Lili y su sazón completa	44004341	3177719249	Calle 112 #51 A 15	Medellín, Antioquia	Ventas	2500.00	2026-05-07 17:39:25.72151	\N	\N	\N	t
4	CRUZ MARIA VALENCIA	43089543	3177719749	CALLE 112	\N	JEFE DE COCINA	3000000.00	2026-06-11 21:32:39.833367	\N	\N	\N	t
8	KARINA MOSQUERA	3233969484	3233969484	\N	\N	VENDEDORA	0.00	2026-06-12 18:37:22.985759	\N	\N	\N	t
5	BLANCA ZAMARRA	3214519965	3214519965	\N	\N	VENDEDORA	0.00	2026-06-12 18:32:54.702748	\N	\N	\N	t
6	OSIRIS VALENCIA	3013388006	3013388006	\N	\N	VENDEDORA	0.00	2026-06-12 18:35:20.836006	\N	\N	\N	t
9	ALEJANDRO MOSQUERA	3136934172	3136934172	\N	\N	MENSAJERO	200000.00	2026-06-12 18:40:31.734584	\N	\N	\N	t
10	CLAUDIA GONZALEZ	3137133309	3137133309	\N	\N	APOYO COCINA	50000.00	2026-06-12 18:44:09.425256	\N	\N	\N	t
\.


--
-- TOC entry 5118 (class 0 OID 16589)
-- Dependencies: 228
-- Data for Name: productos; Type: TABLE DATA; Schema: public; Owner: postgres
--

COPY public.productos (id_producto, codigo, nombre, id_tipo_producto, presentacion, valor, descripcion, created_at, created_by, updated_at, updated_by, activo, imagen_url) FROM stdin;
1	ENTR001	PAPA RELLENA COCTEL	6	UND	2500.00	\N	2026-05-09 17:42:48.055541	3	2026-05-09 17:46:06.471893	3	f	\N
2	PRD-001	PASTEL DE POLLO FRITO COCTEL	6	UND	2800.00	\N	2026-05-09 17:45:58.380804	3	2026-05-09 17:46:11.579432	3	f	\N
3	PROD-0001	PAPA RELLENA PEQ	8	1 UND	2500.00	Producto PAPA RELLENA PEQ	2026-05-09 18:38:33.930264	\N	\N	\N	t	\N
8	PROD-0006	PARA RELLENA AGUACATE	8	1 UND	1700.00	Producto PARA RELLENA AGUACATE	2026-05-09 18:38:33.930264	\N	\N	\N	t	\N
9	PROD-0007	PASTEL DE  POLLO FRITO	8	1 UND	3900.00	Producto PASTEL DE  POLLO FRITO	2026-05-09 18:38:33.930264	\N	\N	\N	t	\N
10	PROD-0008	PASTEL DE  POLLO FRITO MASA AMARILLA	8	1 UND	6000.00	Producto PASTEL DE  POLLO FRITO MASA AMARILLA	2026-05-09 18:38:33.930264	\N	\N	\N	t	\N
13	PROD-0011	PASTEL DE  POLLO HORNEADO	9	1 UND	2750.00	Producto PASTEL DE  POLLO HORNEADO	2026-05-09 18:38:33.930264	\N	\N	\N	t	\N
14	PROD-0012	PASTEL DE CARNE FRITO	8	1 UND	4400.00	Producto PASTEL DE CARNE FRITO	2026-05-09 18:38:33.930264	\N	\N	\N	t	\N
15	PROD-0013	PASTEL DE CARNE HORNEADO	9	1 UND	4400.00	Producto PASTEL DE CARNE HORNEADO	2026-05-09 18:38:33.930264	\N	\N	\N	t	\N
20	PROD-0018	PASTEL CON VEGETALES 	10	1 UND	1980.00	Producto PASTEL CON VEGETALES 	2026-05-09 18:38:33.930264	\N	\N	\N	t	\N
22	PROD-0020	EMPANADA PAPA CON CARNE	8	1 UND	3100.00	Producto EMPANADA PAPA CON CARNE	2026-05-09 18:38:33.930264	\N	\N	\N	t	\N
23	PROD-0021	EMPNADA CON ARROZ	8	1 UND	3100.00	Producto EMPNADA CON ARROZ	2026-05-09 18:38:33.930264	\N	\N	\N	t	\N
24	PROD-0022	EMPANADA CHILENA	8	1 UND	4000.00	Producto EMPANADA CHILENA	2026-05-09 18:38:33.930264	\N	\N	\N	t	\N
26	PROD-0024	EMPANADA CHAMPIÑONES	8	1 UND	3300.00	Producto EMPANADA CHAMPIÑONES	2026-05-09 18:38:33.930264	\N	\N	\N	t	\N
27	PROD-0025	AREPA DE HUEVO	8	1 UND	4200.00	Producto AREPA DE HUEVO	2026-05-09 18:38:33.930264	\N	\N	\N	t	\N
28	PROD-0026	AREPA DE HUEVO MIXTA	8	1 UND	5300.00	Producto AREPA DE HUEVO MIXTA	2026-05-09 18:38:33.930264	\N	\N	\N	t	\N
29	PROD-0027	PALITO DE QUESO FRITO	8	1 UND	5280.00	Producto PALITO DE QUESO FRITO	2026-05-09 18:38:33.930264	\N	\N	\N	t	\N
32	PROD-0030	PALITO DE QUESO HORNEADO	9	1 UND	2750.00	Producto PALITO DE QUESO HORNEADO	2026-05-09 18:38:33.930264	\N	\N	\N	t	\N
33	PROD-0031	PAPA RELLENA DE POLLO	8	1 UND	2300.00	Producto PAPA RELLENA DE POLLO	2026-05-09 18:38:33.930264	\N	\N	\N	t	\N
39	PROD-0037	SANDUCHE DE VEGETALES EN PAN DANES	10	1 UND	15400.00	Producto SANDUCHE DE VEGETALES EN PAN DANES	2026-05-09 18:38:33.930264	\N	\N	\N	t	\N
41	PROD-0039	PAN DANES	14	1 UND	3800.00	Producto PAN DANES	2026-05-09 18:38:33.930264	\N	\N	\N	t	\N
42	PROD-0040	PAN FRANCES	14	1 UND	3850.00	Producto PAN FRANCES	2026-05-09 18:38:33.930264	\N	\N	\N	t	\N
43	PROD-0041	PAN FRANCES CON AJO	14	1 BANDEJA	4400.00	Producto PAN FRANCES CON AJO	2026-05-09 18:38:33.930264	\N	\N	\N	t	\N
44	PROD-0042	PAN FOCACCIA	14	1 UND	4800.00	Producto PAN FOCACCIA	2026-05-09 18:38:33.930264	\N	\N	\N	t	\N
45	PROD-0043	PAN BREOCHE	14	1 UND	4950.00	Producto PAN BREOCHE	2026-05-09 18:38:33.930264	\N	\N	\N	t	\N
16	PROD-0014	PASTEL DULCE AREQUIPE	5	1 UND	3000.00	Producto PASTEL DULCE AREQUIPE	2026-05-09 18:38:33.930264	\N	2026-05-14 20:16:20.787662	3	t	/uploads/productos/1778807780723-140166191.jpg
6	PROD-0004	PAPA RELLENA GRA	8	1 UND	5000.00	Producto PAPA RELLENA GRA	2026-05-09 18:38:33.930264	\N	2026-05-11 17:35:59.244677	3	t	/uploads/productos/1778538959010-872148482.jpg
7	PROD-0005	PAPA RELLENA HORNEADA	9	1 UND	4950.00	Producto PAPA RELLENA HORNEADA	2026-05-09 18:38:33.930264	\N	2026-05-11 17:53:25.675438	3	t	/uploads/productos/1778540005585-983235827.jpg
36	PROD-0034	DESAYUNO CON PASTEL DE POLLO, CROISSANT JUGO O BEBIDA CALIENTE	12	1 UND	10000.00	Producto DESAYUNO CON PASTEL DE POLLO, CROISSANT JUGO O BEBIDA CALIENTE	2026-05-09 18:38:33.930264	\N	2026-05-14 19:17:46.846566	3	t	/uploads/productos/1778804266812-987615742.jpg
38	PROD-0036	SANDUCHE EN PAN DANES	11	1 UND	15400.00	Producto SANDUCHE EN PAN DANES	2026-05-09 18:38:33.930264	\N	2026-05-12 21:39:13.126194	3	t	/uploads/productos/1778639953122-620283143.jpg
37	PROD-0035	DESAYUNO CON CREPES DE POLLOPEQUEÑO Y FRUTA PICADA Y BEBIDA	12	1 UND	10000.00	Producto DESAYUNO CON CREPES DE POLLOPEQUEÑO Y FRUTA PICADA Y BEBIDA	2026-05-09 18:38:33.930264	\N	2026-05-14 19:18:02.435519	3	t	/uploads/productos/1778804282395-631270559.jpg
40	PROD-0038	DESAYUNO CON PASTEL DE MAIZ CON POLLO, CROISSANT JUGO O BEBIDA CALIENTE	12	1 UND	10000.00	Producto DESAYUNO CON PASTEL DE MAIZ CON POLLO, CROISSANT JUGO O BEBIDA CALIENTE	2026-05-09 18:38:33.930264	\N	2026-05-14 19:18:20.881859	3	t	/uploads/productos/1778804300806-934582197.jpg
11	PROD-0009	PASTEL DE POLLO FRITO COCTEL	6	1 UND	2500.00	Producto PASTEL DE POLLO FRITO COCTEL	2026-05-09 18:38:33.930264	\N	2026-05-14 19:28:43.053861	3	t	/uploads/productos/1778804922899-798341454.jpg
12	PROD-0010	PASTEL DE  POLLO FRITO MASA AMARILLA COCTEL	6	1 UND	2500.00	Producto PASTEL DE  POLLO FRITO MASA AMARILLA COCTEL	2026-05-09 18:38:33.930264	\N	2026-05-14 19:30:16.61124	3	t	/uploads/productos/1778805016438-67566776.jpg
18	PROD-0016	EMPANADA PAPA CON CARNE COCTEL	6	1 UND	2200.00	Producto EMPANADA PAPA CON CARNE COCTEL	2026-05-09 18:38:33.930264	\N	2026-05-14 19:30:47.006272	3	t	/uploads/productos/1778805046876-690033725.jpg
19	PROD-0017	EMPANADA POLLO COCTEL	6	1 UND	2000.00	Producto EMPANADA POLLO COCTEL	2026-05-09 18:38:33.930264	\N	2026-05-14 19:31:56.507488	3	t	/uploads/productos/1778805116398-756027147.jpg
21	PROD-0019	EMPANADAS DE PAPA COCTEL	6	1 UND	900.00	Producto EMPANADAS DE PAPA COCTEL	2026-05-09 18:38:33.930264	\N	2026-05-14 19:33:36.699701	3	t	/uploads/productos/1778805216586-745828725.jpg
30	PROD-0028	PALITO DE QUESO FRITO COCTEL	6	1 UND	2200.00	Producto PALITO DE QUESO FRITO COCTEL	2026-05-09 18:38:33.930264	\N	2026-05-14 19:36:01.484995	3	t	/uploads/productos/1778805361394-279211211.jpg
31	PROD-0029	PALITO DE QUESO HORNEADO COCTEL	6	1 UND	2800.00	Producto PALITO DE QUESO HORNEADO COCTEL	2026-05-09 18:38:33.930264	\N	2026-05-14 19:36:16.868403	3	t	/uploads/productos/1778805376858-60491184.jpg
46	PROD-0044	BOLOBANES	6	1 UND	6000.00	Producto BOLOBANES	2026-05-09 18:38:33.930264	\N	2026-05-14 19:37:32.314478	3	t	/uploads/productos/1778805452160-470024608.jpg
17	PROD-0015	PASTEL DULCE GUAYABA	5	1 UND	3000.00	Producto PASTEL DULCE GUAYABA	2026-05-09 18:38:33.930264	\N	2026-05-14 20:16:41.868959	3	t	/uploads/productos/1778807801861-439716867.jpg
47	PROD-0045	TORTA CASERA	5	1/2 LIBRA	60000.00	Producto TORTA CASERA	2026-05-09 18:38:33.930264	\N	2026-05-14 20:18:27.178745	3	t	/uploads/productos/1778807907028-639893286.jpg
50	PROD-0048	POSTRE DE TIRAMISU	5	1 UND	100000.00	Producto POSTRE DE TIRAMISU	2026-05-09 18:38:33.930264	\N	2026-05-14 20:20:17.819403	3	t	/uploads/productos/1778808017688-924916586.jpg
52	PROD-0050	MANJAR BLANCO BANDEJA PARA 10 PERSONAS	5	1 UND	55000.00	Producto MANJAR BLANCO BANDEJA PARA 10 PERSONAS	2026-05-09 18:38:33.930264	\N	2026-05-14 20:21:28.125	3	t	/uploads/productos/1778808088121-595279147.jpg
53	PROD-0051	PIE DE MANZANA	5	1 UND	60000.00	Producto PIE DE MANZANA	2026-05-09 18:38:33.930264	\N	2026-05-14 20:22:27.47731	3	t	/uploads/productos/1778808147428-181024750.jpg
54	PROD-0052	PIE DE MANZANA PEQUEÑO	5	1 UND	30000.00	Producto PIE DE MANZANA PEQUEÑO	2026-05-09 18:38:33.930264	\N	2026-05-14 20:22:48.538787	3	t	/uploads/productos/1778808168533-114777764.jpg
60	PROD-0058	BUÑUELO	8	1 UND	3000.00	Producto BUÑUELO	2026-05-09 18:38:33.930264	\N	\N	\N	t	\N
61	PROD-0059	BUÑUELO PEQUEÑO 	8	1 UND	1700.00	Producto BUÑUELO PEQUEÑO 	2026-05-09 18:38:33.930264	\N	\N	\N	t	\N
103	PROD-0101	PAELLA DE MARISCOS PARA 10P (Camarones, Calamar Anillo, Calamar Pota, Pulpo, Mejillones y Langostinos) ENSALADA Y PATACONES.	3	10 PERSONAS	66000.00	Producto PAELLA DE MARISCOS PARA 10P (Camarones, Calamar Anillo, Calamar Pota, Pulpo, Mejillones y Langostinos) ENSALADA Y PATACONES.	2026-05-09 18:38:33.930264	\N	\N	\N	t	\N
78	PROD-0076	ARROZ CON AJONJOLI	1	1 LIBRA	24000.00	Producto ARROZ CON AJONJOLI	2026-05-09 18:38:33.930264	\N	2026-05-12 21:26:19.762264	3	t	/uploads/productos/1778639179758-711709173.jpg
77	PROD-0075	ARROZ CON FRUTOS SECOS	1	1 LIBRA	32000.00	Producto ARROZ CON FRUTOS SECOS	2026-05-09 18:38:33.930264	\N	2026-05-12 21:26:31.864692	3	t	/uploads/productos/1778639191860-966438505.jpg
80	PROD-0078	ARROZ CON CILANTRO	1	1 LIBRA	22000.00	Producto ARROZ CON CILANTRO	2026-05-09 18:38:33.930264	\N	2026-05-12 21:29:28.586768	3	t	/uploads/productos/1778639368230-866727450.jpg
82	PROD-0080	TAMAL DE ARROZ	11	1 UND	14000.00	Producto TAMAL DE ARROZ	2026-05-09 18:38:33.930264	\N	2026-05-12 21:42:54.972723	3	t	/uploads/productos/1778640174896-696473055.jpg
104	PROD-0102	PURE DE PAPA	19	1 LIBRA	33000.00	Producto PURE DE PAPA	2026-05-09 18:38:33.930264	\N	2026-05-12 21:23:10.323496	3	t	/uploads/productos/1778638990318-408774492.jpg
106	PROD-0104	CROQUETA DE PAPA (relleno de queso)	19	1 PORCIÓN	2200.00	Producto CROQUETA DE PAPA (relleno de queso)	2026-05-09 18:38:33.930264	\N	2026-05-12 21:23:37.039035	3	t	/uploads/productos/1778639017033-924432960.jpg
107	PROD-0105	CROQUETA DE POLLO UND (Porción)	19	1 PORCIÓN	2700.00	Producto CROQUETA DE POLLO UND (Porción)	2026-05-09 18:38:33.930264	\N	2026-05-12 21:24:36.539849	3	t	/uploads/productos/1778639076481-414178906.jpg
83	PROD-0081	TAMAL DE MASA	11	1 UND	14000.00	Producto TAMAL DE MASA	2026-05-09 18:38:33.930264	\N	2026-05-12 21:43:07.299771	3	t	/uploads/productos/1778640187291-859664463.jpg
81	PROD-0079	ARROZ CON MARAÑON	1	1 LIBRA	32000.00	Producto ARROZ CON MARAÑON	2026-05-09 18:38:33.930264	\N	2026-05-12 21:26:07.752856	3	t	/uploads/productos/1778639167748-530543801.jpg
85	PROD-0083	PAVO RELLENO POR LIBRA	17	1 LIBRA	60500.00	Producto PAVO RELLENO POR LIBRA	2026-05-09 18:38:33.930264	\N	2026-05-14 18:50:40.268582	3	t	/uploads/productos/1778802640070-871466799.jpg
86	PROD-0084	PAVO RELLENO PEQUEÑO (6 LB APROX.)	17	ENTERO	365000.00	Producto PAVO RELLENO PEQUEÑO (6 LB APROX.)	2026-05-09 18:38:33.930264	\N	2026-05-14 18:51:47.246349	3	t	/uploads/productos/1778802707175-397920336.jpg
87	PROD-0085	PAVO ENTERO PEQUEÑO CON HUESO (6 LB APROX.)	17	ENTERO	330000.00	Producto PAVO ENTERO PEQUEÑO CON HUESO (6 LB APROX.)	2026-05-09 18:38:33.930264	\N	2026-05-14 18:51:59.290878	3	t	/uploads/productos/1778802719285-445927356.jpg
88	PROD-0086	PAVO RELLENO GRANDE (12 LB APROX.)	17	ENTERO	726000.00	Producto PAVO RELLENO GRANDE (12 LB APROX.)	2026-05-09 18:38:33.930264	\N	2026-05-14 18:52:30.19221	3	t	/uploads/productos/1778802750143-887245531.jpg
89	PROD-0087	CARNE DE BRANGUS EN PIMIENTA	17	1 LIBRA	55000.00	Producto CARNE DE BRANGUS EN PIMIENTA	2026-05-09 18:38:33.930264	\N	2026-05-14 18:53:43.315708	3	t	/uploads/productos/1778802823258-959328102.jpg
90	PROD-0088	ROAST BEEF	17	1 LIBRA	66000.00	Producto ROAST BEEF	2026-05-09 18:38:33.930264	\N	2026-05-14 18:55:36.677943	3	t	/uploads/productos/1778802936590-848882176.jpg
91	PROD-0089	TREN DE CHULETA	17	1 LIBRA	55000.00	Producto TREN DE CHULETA	2026-05-09 18:38:33.930264	\N	2026-05-14 18:56:53.934766	3	t	/uploads/productos/1778803013759-274468591.jpg
92	PROD-0090	CAÑON	17	1 LIBRA	44000.00	Producto CAÑON	2026-05-09 18:38:33.930264	\N	2026-05-14 18:58:21.200175	3	t	/uploads/productos/1778803101047-556660064.jpg
93	PROD-0091	PERNIL	17	1 LIBRA	49500.00	Producto PERNIL	2026-05-09 18:38:33.930264	\N	2026-05-14 18:59:22.09707	3	t	/uploads/productos/1778803162034-975641989.jpg
94	PROD-0092	ROLLO RELLENO	17	1 LIBRA	44000.00	Producto ROLLO RELLENO	2026-05-09 18:38:33.930264	\N	2026-05-14 19:00:34.183214	3	t	/uploads/productos/1778803234099-539947747.jpg
96	PROD-0094	POLLO RELLENO	17	1 LIBRA	44000.00	Producto POLLO RELLENO	2026-05-09 18:38:33.930264	\N	2026-05-14 19:03:30.820899	3	t	/uploads/productos/1778803410734-995573962.jpg
97	PROD-0095	PERNIL DULCE	17	1 LIBRA	46200.00	Producto PERNIL DULCE	2026-05-09 18:38:33.930264	\N	2026-05-14 19:04:04.314249	3	t	/uploads/productos/1778803444245-36591794.jpg
101	PROD-0099	ROLLO PECHUGA DE POLLO	17	1 LIBRA	38500.00	Producto ROLLO PECHUGA DE POLLO	2026-05-09 18:38:33.930264	\N	2026-05-14 19:06:10.277114	3	t	/uploads/productos/1778803570215-938592131.jpg
66	PROD-0064	MEDALLONES DE ZUCCHINI RELLENOS DE QUESO	6	1 UND	5500.00	Producto MEDALLONES DE ZUCCHINI RELLENOS DE QUESO	2026-05-09 18:38:33.930264	\N	2026-05-14 19:40:12.365014	3	t	/uploads/productos/1778805612309-226685136.jpg
67	PROD-0065	HUEVOS DE CODORNIZ EN SALSA	6	1 LIBRA	28600.00	Producto HUEVOS DE CODORNIZ EN SALSA	2026-05-09 18:38:33.930264	\N	2026-05-14 19:41:51.646548	3	t	/uploads/productos/1778805711582-981725483.jpg
73	PROD-0071	DIP  (200Gr)	6	200 Gramos	16500.00	Producto DIP  (200Gr)	2026-05-09 18:38:33.930264	\N	2026-05-14 19:42:48.036854	3	t	/uploads/productos/1778805767960-964793112.jpg
68	PROD-0066	CEVICHE DE PULPO	7	1 LIBRA	55000.00	Producto CEVICHE DE PULPO	2026-05-09 18:38:33.930264	\N	2026-05-14 20:05:45.860372	3	t	/uploads/productos/1778807145756-530485215.jpg
70	PROD-0068	CEVICHE DE PESCADO	7	1 LIBRA	44000.00	Producto CEVICHE DE PESCADO	2026-05-09 18:38:33.930264	\N	2026-05-14 20:07:44.566973	3	t	/uploads/productos/1778807264489-698095914.jpg
99	PROD-0097	SALMON A LAS FINAS HIERVAS PORCIÒN	7	1 PORCIÓN	27000.00	Producto SALMON A LAS FINAS HIERVAS PORCIÒN	2026-05-09 18:38:33.930264	\N	2026-05-14 20:09:45.918549	3	t	/uploads/productos/1778807385849-936890402.jpg
100	PROD-0098	SALMON GRATINADO EN FINAS HIERVAS PORCÌÒN	7	1 PORCIÓN	29500.00	Producto SALMON GRATINADO EN FINAS HIERVAS PORCÌÒN	2026-05-09 18:38:33.930264	\N	2026-05-14 20:10:49.62383	3	t	/uploads/productos/1778807449546-125627846.jpg
55	PROD-0053	MINI PIE DE MANZANA	5	1 UND	6000.00	Producto MINI PIE DE MANZANA	2026-05-09 18:38:33.930264	\N	2026-05-14 20:23:09.727642	3	t	/uploads/productos/1778808189721-108396191.jpg
56	PROD-0054	CHEESECAKE	5	1 UND	60000.00	Producto CHEESECAKE	2026-05-09 18:38:33.930264	\N	2026-05-14 20:24:18.76419	3	t	/uploads/productos/1778808258667-395035075.jpg
58	PROD-0056	HOJUELA MEDIANA	5	1 UND	3900.00	Producto HOJUELA MEDIANA	2026-05-09 18:38:33.930264	\N	2026-05-14 20:25:26.448696	3	t	/uploads/productos/1778808326442-440440230.jpg
62	PROD-0060	NATILLA PARA 2P	5	1 UND	13800.00	Producto NATILLA PARA 2P	2026-05-09 18:38:33.930264	\N	2026-05-14 20:28:01.906881	3	t	/uploads/productos/1778808481834-689100720.jpg
63	PROD-0061	NATILLA BANDEJA PARA 10 PERSONAS	5	1 UND	55500.00	Producto NATILLA BANDEJA PARA 10 PERSONAS	2026-05-09 18:38:33.930264	\N	2026-05-14 20:28:22.636418	3	t	/uploads/productos/1778808502623-280344841.jpg
65	PROD-0063	POSTRE NAVIDADM (MANJAR BLANCO, 2 BUÑUELO,HOJUELA)	5	1 UND	12000.00	Producto POSTRE NAVIDADM (MANJAR BLANCO, 2 BUÑUELO,HOJUELA)	2026-05-09 18:38:33.930264	\N	2026-05-14 20:29:00.430841	3	t	/uploads/productos/1778808540416-592192379.jpg
136	PROD-0134	PLAFUERTE(PASTAS MARINERA, ENSALADAVERDE ESPECIAL ACOMPAÑADO DE SALSA DE QUESO)	3	1 UND	0.00	Producto PLAFUERTE(PASTAS MARINERA, ENSALADAVERDE ESPECIAL ACOMPAÑADO DE SALSA DE QUESO)	2026-05-09 18:38:33.930264	\N	\N	\N	t	\N
137	PROD-0135	PLAFUERTE(Salmon acompañado de arroz con coco, patacón en plátano pintón, ensalada verde especial y salsa de maracuyá)	3	1 UND	36300.00	Producto PLAFUERTE(Salmon acompañado de arroz con coco, patacón en plátano pintón, ensalada verde especial y salsa de maracuyá)	2026-05-09 18:38:33.930264	\N	\N	\N	t	\N
138	PROD-0136	PLAFUERTE(Salmon en salsa de eneldo, ensalada de papa, arroz con verdura, pan con ajo).	3	1 UND	44000.00	Producto PLAFUERTE(Salmon en salsa de eneldo, ensalada de papa, arroz con verdura, pan con ajo).	2026-05-09 18:38:33.930264	\N	\N	\N	t	\N
139	PROD-0137	PLAFUERTE(Tren de Chuleta, ensalada de papa, arroz con verdura o arroz con espinacas, pan con ajo).	3	1 UND	40700.00	Producto PLAFUERTE(Tren de Chuleta, ensalada de papa, arroz con verdura o arroz con espinacas, pan con ajo).	2026-05-09 18:38:33.930264	\N	\N	\N	t	\N
140	PROD-0138	PLAFUERTE (Crepes de pollo, queso y champiñones; ensalada verde)	3	1 UND	35200.00	Producto PLAFUERTE (Crepes de pollo, queso y champiñones; ensalada verde)	2026-05-09 18:38:33.930264	\N	\N	\N	t	\N
141	PROD-0139	PLAFUERTE (POLLO RELLENO, ARROZ CON CILANTRO, ENSALADA VERDE, PAPAS AL VAPOR, SALSA CHAMPIÑON)	3	1 UND	25300.00	Producto PLAFUERTE (POLLO RELLENO, ARROZ CON CILANTRO, ENSALADA VERDE, PAPAS AL VAPOR, SALSA CHAMPIÑON)	2026-05-09 18:38:33.930264	\N	\N	\N	t	\N
142	PROD-0140	PLAFUERTE (PAVO RELLENO, ARROZ CON VERDURA, ENSALADA DE PAPA,PAN CON AJO, SALSA DE CIRUELA)	3	1 UND	27500.00	Producto PLAFUERTE (PAVO RELLENO, ARROZ CON VERDURA, ENSALADA DE PAPA,PAN CON AJO, SALSA DE CIRUELA)	2026-05-09 18:38:33.930264	\N	\N	\N	t	\N
143	PROD-0141	PLAFUERTE (PAVO RELLENO, ARROZ NAVIDEÑO, ENSALADA RUSA,PAN CON AJO, SALSA DE FRUTAS)	3	1 UND	29700.00	Producto PLAFUERTE (PAVO RELLENO, ARROZ NAVIDEÑO, ENSALADA RUSA,PAN CON AJO, SALSA DE FRUTAS)	2026-05-09 18:38:33.930264	\N	\N	\N	t	\N
144	PROD-0142	PLAFUERTE (CAÑON DE CERDO O PERNIL, ARROZ DE AJONJOLI, ENSALADA VERDE, CROQUETAS DE PAPA, SALSA DE CIRUELA)	3	1 UND	38500.00	Producto PLAFUERTE (CAÑON DE CERDO O PERNIL, ARROZ DE AJONJOLI, ENSALADA VERDE, CROQUETAS DE PAPA, SALSA DE CIRUELA)	2026-05-09 18:38:33.930264	\N	\N	\N	t	\N
145	PROD-0143	PLAFUERTE (CHULETA DE CERDO JAMOADO, ENSALADA DE PAPA, ARROZ CON VERDURAS, SALSA DE FRUTAS, PAN BIOCHI)	3	1 UND	30800.00	Producto PLAFUERTE (CHULETA DE CERDO JAMOADO, ENSALADA DE PAPA, ARROZ CON VERDURAS, SALSA DE FRUTAS, PAN BIOCHI)	2026-05-09 18:38:33.930264	\N	\N	\N	t	\N
146	PROD-0144	PLAFUERTE (CAZUELA DE MARISCOS, ARROZ CON COCO, PAN CON AJÓ)	3	1 UND	29700.00	Producto PLAFUERTE (CAZUELA DE MARISCOS, ARROZ CON COCO, PAN CON AJÓ)	2026-05-09 18:38:33.930264	\N	\N	\N	t	\N
147	PROD-0145	PLAFUERTE (LASAÑA POLLO CON PAN)	3	1 UND	16000.00	Producto PLAFUERTE (LASAÑA POLLO CON PAN)	2026-05-09 18:38:33.930264	\N	\N	\N	t	\N
148	PROD-0146	PLAFUERTE (LASAÑA CARNE CON PAN)	3	1 UND	16000.00	Producto PLAFUERTE (LASAÑA CARNE CON PAN)	2026-05-09 18:38:33.930264	\N	\N	\N	t	\N
149	PROD-0147	PLAFUERTE (LASAÑA MIXTA CON PAN)	3	1 UND	16000.00	Producto PLAFUERTE (LASAÑA MIXTA CON PAN)	2026-05-09 18:38:33.930264	\N	\N	\N	t	\N
150	PROD-0148	PLAFUERTE (LASAÑA, PAN Y ENSALADA)	3	1 UND	15950.00	Producto PLAFUERTE (LASAÑA, PAN Y ENSALADA)	2026-05-09 18:38:33.930264	\N	\N	\N	t	\N
151	PROD-0149	JUGO FRUTA NATURAL (270 ml)	3	1 UND	3500.00	Producto JUGO FRUTA NATURAL (270 ml)	2026-05-09 18:38:33.930264	\N	\N	\N	t	\N
111	PROD-0109	ENSALADA DE PAPA	18	1 LIBRA	23100.00	Producto ENSALADA DE PAPA	2026-05-09 18:38:33.930264	\N	2026-05-12 21:31:02.441958	3	t	/uploads/productos/1778639462428-178865547.jpg
117	PROD-0115	ENSALADA MARINERA (Camarones, Anillos de Calamar, Pulpo)	7	1 LIBRA	28600.00	Producto ENSALADA MARINERA (Camarones, Anillos de Calamar, Pulpo)	2026-05-09 18:38:33.930264	\N	2026-05-14 20:12:17.289469	3	t	/uploads/productos/1778807537222-249313228.jpg
108	PROD-0106	PAPAS AL VAPOR UND (Porción)	19	1 PORCIÓN	2700.00	Producto PAPAS AL VAPOR UND (Porción)	2026-05-09 18:38:33.930264	\N	2026-05-12 21:24:00.354342	3	t	/uploads/productos/1778639040350-977345764.jpg
112	PROD-0110	ENSALADA RUSA	18	1 LIBRA	25500.00	Producto ENSALADA RUSA	2026-05-09 18:38:33.930264	\N	2026-05-12 21:31:12.942644	3	t	/uploads/productos/1778639472935-890755529.jpg
114	PROD-0112	CARROTS BABY SEMI DULCE	18	1 LIBRA	31900.00	Producto CARROTS BABY SEMI DULCE	2026-05-09 18:38:33.930264	\N	2026-05-12 21:31:25.89066	3	t	/uploads/productos/1778639485883-340005114.jpg
115	PROD-0113	ENSALADA VERDE ESPECIAL	18	1 LIBRA	26400.00	Producto ENSALADA VERDE ESPECIAL	2026-05-09 18:38:33.930264	\N	2026-05-12 21:31:36.683227	3	t	/uploads/productos/1778639496677-734592683.jpg
109	PROD-0107	ENSALADA VERDE	18	1 LIBRA	24200.00	Producto ENSALADA VERDE	2026-05-09 18:38:33.930264	\N	2026-05-12 21:31:52.985773	3	t	/uploads/productos/1778639512976-416173042.jpg
118	PROD-0116	TACOS	11	1 UND	28600.00	Producto TACOS	2026-05-09 18:38:33.930264	\N	2026-05-12 21:45:25.49009	3	t	/uploads/productos/1778640325431-280658742.jpg
119	PROD-0117	ENSALADA MEDITERRANEA (Jamón Serrano, Queso)	18	1 LIBRA	28600.00	Producto ENSALADA MEDITERRANEA (Jamón Serrano, Queso)	2026-05-09 18:38:33.930264	\N	2026-05-12 21:35:51.635456	3	t	/uploads/productos/1778639751607-99495874.jpg
124	PROD-0122	SALSA DE PIÑA CON PIMENTON	4	1 LIBRA	20000.00	Producto SALSA DE PIÑA CON PIMENTON	2026-05-09 18:38:33.930264	\N	2026-05-14 18:38:46.24746	3	t	/uploads/productos/1778801926175-589948890.jpg
121	PROD-0119	SALSA DE CIRUELA	4	1 LIBRA	20000.00	Producto SALSA DE CIRUELA	2026-05-09 18:38:33.930264	\N	2026-05-14 18:37:39.112788	3	t	/uploads/productos/1778801859104-449431315.jpg
123	PROD-0121	SALSA AGRIDULCE	4	1 LIBRA	20000.00	Producto SALSA AGRIDULCE	2026-05-09 18:38:33.930264	\N	2026-05-14 18:38:15.414484	3	t	/uploads/productos/1778801895407-116485315.jpg
126	PROD-0124	SALSA DE MORA	4	1 LIBRA	20000.00	Producto SALSA DE MORA	2026-05-09 18:38:33.930264	\N	2026-05-14 18:39:14.627168	3	t	/uploads/productos/1778801954612-236440028.jpg
128	PROD-0126	SALSA DE FRUTAS	4	1 LIBRA	20000.00	Producto SALSA DE FRUTAS	2026-05-09 18:38:33.930264	\N	2026-05-14 18:39:42.965092	3	t	/uploads/productos/1778801982944-784711169.jpg
127	PROD-0125	SALSA DE CEVICHE	4	1 LIBRA	20000.00	Producto SALSA DE CEVICHE	2026-05-09 18:38:33.930264	\N	2026-05-14 18:40:09.434146	3	t	/uploads/productos/1778802009425-744754111.jpg
135	PROD-0133	SALSA GRAVY	4	1 LIBRA	0.00	Producto SALSA GRAVY	2026-05-09 18:38:33.930264	\N	2026-05-14 18:41:09.02711	3	t	/uploads/productos/1778802068969-157547282.jpg
130	PROD-0128	SALSA DE AJO	4	1 LIBRA	20000.00	Producto SALSA DE AJO	2026-05-09 18:38:33.930264	\N	2026-05-14 18:40:36.33179	3	t	/uploads/productos/1778802036321-953276814.jpg
131	PROD-0129	AJÍ	4	1 LIBRA	15000.00	Producto AJÍ	2026-05-09 18:38:33.930264	\N	2026-05-14 18:30:03.063396	3	t	/uploads/productos/1778801402912-377576566.jpg
134	PROD-0132	CHAMPIÑONES AL AJILLO	19	1 LIBRA	26000.00	Producto CHAMPIÑONES AL AJILLO	2026-05-09 18:38:33.930264	\N	2026-05-14 18:46:28.237242	3	t	/uploads/productos/1778802388190-389152207.jpg
200	PROD-0198	MANTEQUILLA DE AJO	4	1 LIBRA	20000.00	Producto MANTEQUILLA DE AJO	2026-05-09 18:38:33.930264	\N	2026-05-14 18:32:43.341089	3	t	/uploads/productos/1778801563293-792772412.jpg
160	PROD-0158	BANDEJA PAVO PEQUEÑO	20	1 UND	15000.00	Producto BANDEJA PAVO PEQUEÑO	2026-05-09 18:38:33.930264	\N	\N	\N	t	\N
161	PROD-0159	BANDEJA PAVO GRANDE	20	1 UND	20000.00	Producto BANDEJA PAVO GRANDE	2026-05-09 18:38:33.930264	\N	\N	\N	t	\N
164	PROD-0162	PASTEL CARNE CON VERDURAS HORNEADO	9	1 UND	4700.00	Producto PASTEL CARNE CON VERDURAS HORNEADO	2026-05-09 18:38:33.930264	\N	\N	\N	t	\N
165	PROD-0163	PASTEL POLLO CON CHAMPIÑONES HORNEADO	9	1 UND	4700.00	Producto PASTEL POLLO CON CHAMPIÑONES HORNEADO	2026-05-09 18:38:33.930264	\N	\N	\N	t	\N
166	PROD-0164	PASTEL DE ESPINACA CON QUESO HORNEADO	9	1 UND	4700.00	Producto PASTEL DE ESPINACA CON QUESO HORNEADO	2026-05-09 18:38:33.930264	\N	\N	\N	t	\N
168	PROD-0166	MENU VEGETARIANO	10	1 UND	4400.00	Producto MENU VEGETARIANO	2026-05-09 18:38:33.930264	\N	\N	\N	t	\N
169	PROD-0167	PAPA RELLENA GRA CON SALSA	8	1 UND	6000.00	Producto PAPA RELLENA GRA CON SALSA	2026-05-09 18:38:33.930264	\N	\N	\N	t	\N
172	PROD-0170	PECHUGA DE PAVO1	21	1 LIBRA	65000.00	Producto PECHUGA DE PAVO1	2026-05-09 18:38:33.930264	\N	\N	\N	t	\N
173	PROD-0171	PASTEL DE POLLO	21	1 UND	2900.00	Producto PASTEL DE POLLO	2026-05-09 18:38:33.930264	\N	\N	\N	t	\N
174	PROD-0172	PASTEL DE CARNE	21	1 UND	3200.00	Producto PASTEL DE CARNE	2026-05-09 18:38:33.930264	\N	\N	\N	t	\N
175	PROD-0173	PAPA RELLENA	21	1 UND	2900.00	Producto PAPA RELLENA	2026-05-09 18:38:33.930264	\N	\N	\N	t	\N
176	PROD-0174	TAMALES	21	1 UND	16000.00	Producto TAMALES	2026-05-09 18:38:33.930264	\N	\N	\N	t	\N
177	PROD-0175	PASTEL DE MAIZ	21	1 UND	4000.00	Producto PASTEL DE MAIZ	2026-05-09 18:38:33.930264	\N	\N	\N	t	\N
178	PROD-0176	EMPANADA CHAMPIÑONES	21	1 UND	4000.00	Producto EMPANADA CHAMPIÑONES	2026-05-09 18:38:33.930264	\N	\N	\N	t	\N
179	PROD-0177	EMPANADA ARROZ	21	1 UND	2500.00	Producto EMPANADA ARROZ	2026-05-09 18:38:33.930264	\N	\N	\N	t	\N
180	PROD-0178	EMPANADA PAPA	21	1 UND	2600.00	Producto EMPANADA PAPA	2026-05-09 18:38:33.930264	\N	\N	\N	t	\N
181	PROD-0179	PIE DE MANZANA	21	1 UND	40000.00	Producto PIE DE MANZANA	2026-05-09 18:38:33.930264	\N	\N	\N	t	\N
182	PROD-0180	PANES BAGUETT	21	1 UND	4000.00	Producto PANES BAGUETT	2026-05-09 18:38:33.930264	\N	\N	\N	t	\N
185	PROD-0183	EMPANADA CHAMPIÑONES	8	1 UND	4000.00	Producto EMPANADA CHAMPIÑONES	2026-05-09 18:38:33.930264	\N	\N	\N	t	\N
186	PROD-0184	PERRO COREANO	8	1 UND	10000.00	Producto PERRO COREANO	2026-05-09 18:38:33.930264	\N	\N	\N	t	\N
190	PROD-0188	ASADO DE PAVO CON HUESO SIN RELLENO	20	1 UND	40000.00	Producto ASADO DE PAVO CON HUESO SIN RELLENO	2026-05-09 18:38:33.930264	\N	\N	\N	t	\N
191	PROD-0189	REGISTRO INGRESO  (VENTAS)	20	1 UND	1.00	Producto REGISTRO INGRESO  (VENTAS)	2026-05-09 18:38:33.930264	\N	\N	\N	t	\N
192	PROD-0190	REGISTRO EGRESOS (COMPRA)	20	1 UND	1.00	Producto REGISTRO EGRESOS (COMPRA)	2026-05-09 18:38:33.930264	\N	\N	\N	t	\N
193	PROD-0191	PAELLA VALENCIANA PARA 10 (CARNE DE CERDO, POLLO, CHORIZO ARGENTINO,VERDURAS, ACEITUNA VERDE Y ACEITUNA NEGRA) CON PAN BRIOCHE	3	10 PERSONAS	45000.00	Producto PAELLA VALENCIANA PARA 10 (CARNE DE CERDO, POLLO, CHORIZO ARGENTINO,VERDURAS, ACEITUNA VERDE Y ACEITUNA NEGRA) CON PAN BRIOCHE	2026-05-09 18:38:33.930264	\N	\N	\N	t	\N
154	PROD-0152	CONSUME DE PESCADO PORCIÓN (Pedido superior a 4 porc)	2	1 PORCIÓN	8000.00	Producto CONSUME DE PESCADO PORCIÓN (Pedido superior a 4 porc)	2026-05-09 18:38:33.930264	\N	2026-05-12 21:37:07.841406	3	t	/uploads/productos/1778639827838-603364699.jpg
156	PROD-0154	SOPA DE VERDURAS PORCIÓN (Pedido superior a 4 porc)	2	1 PORCIÓN	8000.00	Producto SOPA DE VERDURAS PORCIÓN (Pedido superior a 4 porc)	2026-05-09 18:38:33.930264	\N	2026-05-12 21:37:33.239095	3	t	/uploads/productos/1778639853234-393244544.jpg
155	PROD-0153	CONSUME DE POLLO PORCIÓN (Pedido superior a 4 porc)	2	1 PORCIÓN	2200.00	Producto CONSUME DE POLLO PORCIÓN (Pedido superior a 4 porc)	2026-05-09 18:38:33.930264	\N	2026-05-11 19:54:46.303691	3	f	\N
189	PROD-0187	SALSA DE ARANDANOS	4	1 LIBRA	27000.00	Producto SALSA DE ARANDANOS	2026-05-09 18:38:33.930264	\N	2026-05-14 18:34:48.621131	3	f	\N
153	PROD-0151	CREMA DE MINISTRONE PORCIÓN (Pedido superior a 4 porc) (BASE: FONDO DE POLLO, CREMA DE LECHE, TOMATES MADUROS, CEBOLLA, QUESO,PAPA Y VERDURAS)	2	1 PORCIÓN	9000.00	Producto CREMA DE MINISTRONE PORCIÓN (Pedido superior a 4 porc) (BASE: FONDO DE POLLO, CREMA DE LECHE, TOMATES MADUROS, CEBOLLA, QUESO,PAPA Y VERDURAS)	2026-05-09 18:38:33.930264	\N	2026-05-12 21:36:52.716504	3	t	/uploads/productos/1778639812712-676224046.jpg
157	PROD-0155	COMBO MADRES	15	1 UND	190000.00	Producto COMBO MADRES	2026-05-09 18:38:33.930264	\N	2026-05-14 18:47:04.024195	3	t	/uploads/productos/1778802423996-297845087.jpg
158	PROD-0156	COMBO PADRES	15	1 UND	190000.00	Producto COMBO PADRES	2026-05-09 18:38:33.930264	\N	2026-05-14 18:47:25.158134	3	t	/uploads/productos/1778802445119-385628901.jpg
159	PROD-0157	COMBO MARIASCOS	15	1 UND	170000.00	Producto COMBO MARIASCOS	2026-05-09 18:38:33.930264	\N	2026-05-14 18:47:39.879596	3	t	/uploads/productos/1778802459835-582640497.jpg
162	PROD-0160	DOMICILIO1	16	1 UND	22000.00	Producto DOMICILIO1	2026-05-09 18:38:33.930264	\N	2026-05-14 18:47:56.82903	3	t	/uploads/productos/1778802476740-561586674.jpg
163	PROD-0161	DOMICILIO2	16	1 UND	15000.00	Producto DOMICILIO2	2026-05-09 18:38:33.930264	\N	2026-05-14 18:48:05.546611	3	t	/uploads/productos/1778802485487-53774725.jpg
187	PROD-0185	PAVO RELLENO MEDIANO (8 LB APROX.)	17	1 LIBRA	485000.00	Producto PAVO RELLENO MEDIANO (8 LB APROX.)	2026-05-09 18:38:33.930264	\N	2026-05-14 19:08:45.739387	3	t	/uploads/productos/1778803725673-554848135.jpg
167	PROD-0165	PAPA RELLENA AGUACATE COCTEL	6	1 UND	1500.00	Producto PAPA RELLENA AGUACATE COCTEL	2026-05-09 18:38:33.930264	\N	2026-05-14 19:43:13.743311	3	t	/uploads/productos/1778805793683-116510150.jpg
171	PROD-0169	CHORIZO CON AREPA	6	1 UND	5000.00	Producto CHORIZO CON AREPA	2026-05-09 18:38:33.930264	\N	2026-05-14 19:45:41.79765	3	t	/uploads/productos/1778805941740-473592886.jpg
184	PROD-0182	CAJA PARA PICAR COCTEL (15 ALITAS DE POLLO, 15 COCHINILLOS, 15 PASTEL DE CARNE,15 EMPANADAS DE PAPA CON SALSA BBQ Y AJI)	6	1 UND	130000.00	Producto CAJA PARA PICAR COCTEL (15 ALITAS DE POLLO, 15 COCHINILLOS, 15 PASTEL DE CARNE,15 EMPANADAS DE PAPA CON SALSA BBQ Y AJI)	2026-05-09 18:38:33.930264	\N	2026-05-14 19:47:43.235588	3	t	/uploads/productos/1778806063149-600882101.jpg
194	PROD-0192	PORCIÓN PATACÓN VERDE	6	1 PORCIÓN	2500.00	Producto PORCIÓN PATACÓN VERDE	2026-05-09 18:38:33.930264	\N	2026-05-14 19:48:26.942362	3	t	/uploads/productos/1778806106837-788889747.jpg
195	PROD-0193	PORCIÓN PATACÓN MADURO	6	1 PORCIÓN	2500.00	Producto PORCIÓN PATACÓN MADURO	2026-05-09 18:38:33.930264	\N	2026-05-14 19:48:40.75617	3	t	/uploads/productos/1778806120703-828671874.jpg
198	PROD-0196	COCHINILLO COCTEL (SALCHICHA RANCHERA CUBIENTA DE MASA HOJALDRE)	6	1 UND	2800.00	Producto COCHINILLO COCTEL (SALCHICHA RANCHERA CUBIENTA DE MASA HOJALDRE)	2026-05-09 18:38:33.930264	\N	2026-05-14 19:50:50.160633	3	t	/uploads/productos/1778806249934-953622808.jpg
188	PROD-0186	CAJA DE MINI HOJUELAS	5	1 CAJA	10000.00	Producto CAJA DE MINI HOJUELAS	2026-05-09 18:38:33.930264	\N	2026-05-14 20:29:23.122601	3	t	/uploads/productos/1778808563116-318013152.jpg
197	PROD-0195	NATILLA PORCIÓN	5	1 PORCIOÓN	11000.00	Producto NATILLA PORCIÓN	2026-05-09 18:38:33.930264	\N	2026-05-14 20:29:52.870017	3	t	/uploads/productos/1778808592865-888819950.jpg
5	PROD-0003	PAPA RELLENA MED	8	1 UND	3800.00	Producto PAPA RELLENA MED	2026-05-09 18:38:33.930264	\N	2026-05-11 17:29:06.309705	3	t	/uploads/productos/1778538545895-632880552.jpg
79	PROD-0077	ARROZ CON COCO	1	1 LIBRA	26000.00	Producto ARROZ CON COCO	2026-05-09 18:38:33.930264	\N	2026-05-12 21:30:32.007569	3	t	/uploads/productos/1778639432001-226833255.jpg
110	PROD-0108	ENSALADA PAPA Y MANZANA	18	1 LIBRA	24200.00	Producto ENSALADA PAPA Y MANZANA	2026-05-09 18:38:33.930264	\N	2026-05-12 21:32:34.737252	3	t	/uploads/productos/1778639554582-226430289.jpg
113	PROD-0111	ENSALADA CESAR	18	1 LIBRA	25300.00	Producto ENSALADA CESAR	2026-05-09 18:38:33.930264	\N	2026-05-12 21:32:46.025078	3	t	/uploads/productos/1778639566019-67833216.jpg
95	PROD-0093	PECHUGA DE PAVO	17	1 LIBRA	77000.00	Producto PECHUGA DE PAVO	2026-05-09 18:38:33.930264	\N	2026-05-14 19:02:03.267719	3	t	/uploads/productos/1778803323199-753048503.jpg
116	PROD-0114	REPOLLO CHUCRU	18	1 LIBRA	20900.00	Producto REPOLLO CHUCRU	2026-05-09 18:38:33.930264	\N	2026-05-12 21:33:01.603185	3	t	/uploads/productos/1778639581599-681342426.jpg
199	PROD-0197	ENSALADA DE VEGETALES (ZANAHORIA, HABICHUELAS, PEPINO AGRIDULCE, ZUCCHINI, TOMATE CHERRY, CEBOLLA, AGUACATE Y VINAGRETA)	18	1 LIBRA	28600.00	Producto ENSALADA DE VEGETALES (ZANAHORIA, HABICHUELAS, PEPINO AGRIDULCE, ZUCCHINI, TOMATE CHERRY, CEBOLLA, AGUACATE Y VINAGRETA)	2026-05-09 18:38:33.930264	\N	2026-05-12 21:35:35.543769	3	t	/uploads/productos/1778639735397-332156648.jpg
48	PROD-0046	PAPOTAS 60 gm	11	60 gramos	4400.00	Producto PAPOTAS 60 gm	2026-05-09 18:38:33.930264	\N	2026-05-12 21:38:59.055177	3	t	/uploads/productos/1778639939052-60780468.jpg
71	PROD-0069	CONSOMÉ DE POLLO CON MENUDENCIAS PORCIÓN (Pedido superior a 4 porc)	2	1 PORCIÓN	7700.00	Producto CONSOMÉ DE POLLO CON MENUDENCIAS PORCIÓN (Pedido superior a 4 porc)	2026-05-09 18:38:33.930264	\N	2026-05-12 21:36:42.140922	3	t	/uploads/productos/1778639802135-774515932.jpg
105	PROD-0103	BOMBONES DE POLLO UND (Porción)	19	1 PORCIÓN	4300.00	Producto BOMBONES DE POLLO UND (Porción)	2026-05-09 18:38:33.930264	\N	2026-05-12 21:24:48.07789	3	t	/uploads/productos/1778639088063-47310902.jpg
133	PROD-0131	ANTIPASTO	19	1 LIBRA	20900.00	Producto ANTIPASTO	2026-05-09 18:38:33.930264	\N	2026-05-12 21:25:16.322682	3	t	/uploads/productos/1778639116308-449807296.jpg
211	PROD-0209	ARROZ BLANCO	1	1 LIBRA	20000.00	Producto ARROZ BLANCO	2026-05-09 18:38:33.930264	\N	2026-05-12 21:27:14.83973	3	t	/uploads/productos/1778639234780-183471016.jpg
76	PROD-0074	ARROZ CON ESPINACAS	1	1 LIBRA	22000.00	Producto ARROZ CON ESPINACAS	2026-05-09 18:38:33.930264	\N	2026-05-12 21:27:55.632605	3	t	/uploads/productos/1778639275572-132369753.jpg
74	PROD-0072	ARROZ CON ALMENDRAS	1	1 LIBRA	32000.00	Producto ARROZ CON ALMENDRAS	2026-05-09 18:38:33.930264	\N	2026-05-12 21:29:42.862556	3	t	/uploads/productos/1778639382587-594273495.jpg
75	PROD-0073	ARROZ CON VERDURAS	1	1 LIBRA	22000.00	Producto ARROZ CON VERDURAS	2026-05-09 18:38:33.930264	\N	2026-05-12 21:30:06.265883	3	t	/uploads/productos/1778639406068-886151630.jpg
208	PROD-0206	FRIJOLES VERDES (PORC)	2	1 PORCIÓN	10000.00	Producto FRIJOLES VERDES (PORC)	2026-05-09 18:38:33.930264	\N	2026-05-12 21:37:46.299378	3	t	/uploads/productos/1778639866247-734495075.jpg
152	PROD-0150	CREMA DE CEBOLLA PORCIÓN (Pedido superior a 4 porc)	2	1 PORCIÓN	8000.00	Producto CREMA DE CEBOLLA PORCIÓN (Pedido superior a 4 porc)	2026-05-09 18:38:33.930264	\N	2026-05-12 21:38:06.369813	3	t	/uploads/productos/1778639886365-220940456.jpg
196	PROD-0194	CREMA CHAMPIÑONES PORCIÓN(Pedido superior a 4 porc) - (BASE: CREMA DE LECHE, CHAMPIÑONES, CEBOLLA,FONDO DE POLLO)	2	1 PORCIÓN	9000.00	Producto CREMA CHAMPIÑONES PORCIÓN(Pedido superior a 4 porc) - (BASE: CREMA DE LECHE, CHAMPIÑONES, CEBOLLA,FONDO DE POLLO)	2026-05-09 18:38:33.930264	\N	2026-05-12 21:38:24.68028	3	t	/uploads/productos/1778639904675-695368196.jpg
84	PROD-0082	FIAMBRE (Arroz, Carne de cerdo, Carne molida, Chicharron, Chorizo, Huevo cocido, Tajada de Maduro, Papa Cocida y  Arepa)	11	1 UND	24000.00	Producto FIAMBRE (Arroz, Carne de cerdo, Carne molida, Chicharron, Chorizo, Huevo cocido, Tajada de Maduro, Papa Cocida y  Arepa)	2026-05-09 18:38:33.930264	\N	2026-05-12 21:44:16.114512	3	t	/uploads/productos/1778640256045-692401394.jpg
213	PROD-0211	MENU INFANTIL (PAPAS Y CAMARÓN)	11	1 UND	16000.00	Producto MENU INFANTIL (PAPAS Y CAMARÓN)	2026-05-09 18:38:33.930264	\N	2026-05-12 21:46:12.966745	3	t	/uploads/productos/1778640372901-903351196.jpg
212	PROD-0210	MENU INFANTIL (PAPAS Y SALCHICHA)	11	1 UND	12000.00	Producto MENU INFANTIL (PAPAS Y SALCHICHA)	2026-05-09 18:38:33.930264	\N	2026-05-12 21:47:21.511906	3	t	/uploads/productos/1778640441444-326048249.jpg
34	PROD-0032	MENU INFANTIL	11	1 UND	15000.00	Producto MENU INFANTIL	2026-05-09 18:38:33.930264	\N	2026-05-12 21:47:33.752154	3	t	/uploads/productos/1778640453749-979573167.jpg
132	PROD-0130	AJÍ DULCE	4	1 LIBRA	15000.00	Producto AJÍ DULCE	2026-05-09 18:38:33.930264	\N	2026-05-14 18:30:18.618446	3	t	/uploads/productos/1778801418612-672494864.jpg
120	PROD-0118	SALSA CHAMPIÑONES	4	1 LIBRA	20000.00	Producto SALSA CHAMPIÑONES	2026-05-09 18:38:33.930264	\N	2026-05-14 18:43:47.274355	3	t	/uploads/productos/1778802227270-672836045.jpg
129	PROD-0127	SALSA DE OCHUVA	4	1 LIBRA	20000.00	Producto SALSA DE OCHUVA	2026-05-09 18:38:33.930264	\N	2026-05-14 18:41:47.188708	3	t	/uploads/productos/1778802107129-962178131.jpg
125	PROD-0123	SALSA MIEL MOSTAZA	4	1 LIBRA	20000.00	Producto SALSA MIEL MOSTAZA	2026-05-09 18:38:33.930264	\N	2026-05-14 18:42:20.711176	3	t	/uploads/productos/1778802140636-902196315.jpg
122	PROD-0120	SALSA ARANDANOS	4	1 LIBRA	29000.00	Producto SALSA ARANDANOS	2026-05-09 18:38:33.930264	\N	2026-05-14 18:43:19.464118	3	t	/uploads/productos/1778802199410-618616886.jpg
201	PROD-0199	PAPA GRATINADA PORCIÓN	19	1 PORCION	2100.00	Producto PAPA GRATINADA PORCIÓN	2026-05-09 18:38:33.930264	\N	2026-05-14 18:46:39.762408	3	t	/uploads/productos/1778802399639-505015410.jpg
98	PROD-0096	CAÑON RELLENO	17	1 LIBRA	44000.00	Producto CAÑON RELLENO	2026-05-09 18:38:33.930264	\N	2026-05-14 19:04:47.526108	3	t	/uploads/productos/1778803487373-547750411.jpg
102	PROD-0100	ROLLO DE POLLO CON TOCINETA Porc	17	1 LIBRA	17600.00	Producto ROLLO DE POLLO CON TOCINETA Porc	2026-05-09 18:38:33.930264	\N	2026-05-14 19:07:49.588286	3	t	/uploads/productos/1778803669517-995952786.jpg
206	PROD-0204	CHICHARRÓN	17	1 LIBRA	40000.00	Producto CHICHARRÓN	2026-05-09 18:38:33.930264	\N	2026-05-14 19:10:36.670473	3	t	/uploads/productos/1778803836597-368425033.jpg
209	PROD-0207	PUNTA DE ANCA RELLENA	17	1 LIBRA	70000.00	Producto PUNTA DE ANCA RELLENA	2026-05-09 18:38:33.930264	\N	2026-05-14 19:15:22.323757	3	t	/uploads/productos/1778804122265-675115136.jpg
202	PROD-0200	CARIMAÑOLA DE QUESO	6	1 UND	3200.00	Producto CARIMAÑOLA DE QUESO	2026-05-09 18:38:33.930264	\N	2026-05-14 19:56:50.590245	3	t	/uploads/productos/1778806610171-717523765.jpg
204	PROD-0202	PORCIÓN CHICHARRON (120 gr) ACOMPAÑADO DE 2 AREPAS PEQUEÑAS	6	1 UND	10000.00	Producto PORCIÓN CHICHARRON (120 gr) ACOMPAÑADO DE 2 AREPAS PEQUEÑAS	2026-05-09 18:38:33.930264	\N	2026-05-14 20:00:15.022885	3	t	/uploads/productos/1778806814941-189285349.jpg
210	PROD-0208	CROQUETAS DE YUCA ASADA	6	1 UND	25000.00	Producto CROQUETAS DE YUCA ASADA	2026-05-09 18:38:33.930264	\N	2026-05-14 20:00:55.321963	3	t	/uploads/productos/1778806855137-482233566.jpg
205	PROD-0203	NUGGETS DE POLLO X 10 UNIDADES	6	10 UND	15000.00	Producto NUGGETS DE POLLO X 10 UNIDADES	2026-05-09 18:38:33.930264	\N	2026-05-14 20:02:46.795184	3	t	/uploads/productos/1778806966562-473021531.jpg
207	PROD-0205	TERINA DE POLLO	17	1 LIBRA	55000.00	Producto TERINA DE POLLO	2026-05-09 18:38:33.930264	\N	2026-05-14 19:12:36.717782	3	t	/uploads/productos/1778803956541-781314384.jpg
35	PROD-0033	DESAYUNO CON SANDUCHE DE POLLO DESMECHADO, LECHUGA, TOMATE Y QUESO MOZARELLA\r\nJUGO DE CAJA O NATURAL	12	1 UND	12000.00	Producto DESAYUNO CON SANDUCHE DE POLLO DESMECHADO, LECHUGA, TOMATE Y QUESO MOZARELLA\r\nJUGO DE CAJA O NATURAL	2026-05-09 18:38:33.930264	\N	2026-05-14 19:17:31.278279	3	t	/uploads/productos/1778804251196-123937903.jpg
25	PROD-0023	EMPANADA CHILENA COCTEL	6	1 UND	2300.00	Producto EMPANADA CHILENA COCTEL	2026-05-09 18:38:33.930264	\N	2026-05-14 19:33:53.73195	3	t	/uploads/productos/1778805233675-609844433.jpg
4	PROD-0002	PAPA RELLENA COCTEL	6	1 UND	2500.00	Producto PAPA RELLENA COCTEL	2026-05-09 18:38:33.930264	\N	2026-05-14 19:38:43.532639	3	t	/uploads/productos/1778805523421-986256187.jpg
170	PROD-0168	PASTEL HAWAIANO COCTEL	6	1 UND	2800.00	Producto PASTEL HAWAIANO COCTEL	2026-05-09 18:38:33.930264	\N	2026-05-14 19:44:34.534145	3	t	/uploads/productos/1778805874468-463744479.jpg
183	PROD-0181	CAJA PARA PICAR COCTEL (15 EMPANADAS DE PAPA, 15 PALITO QUESO, 15 PAPA RELLENA, 15 PASTEL POLLO, AJI Y MIEL MOSTAZA)	6	1 UND	120000.00	Producto CAJA PARA PICAR COCTEL (15 EMPANADAS DE PAPA, 15 PALITO QUESO, 15 PAPA RELLENA, 15 PASTEL POLLO, AJI Y MIEL MOSTAZA)	2026-05-09 18:38:33.930264	\N	2026-05-14 19:47:13.013261	3	t	/uploads/productos/1778806032918-530399267.jpg
203	PROD-0201	CARIMAÑOLA DE QUESO Y CARNE	6	1 PORCION	4500.00	Producto CARIMAÑOLA DE QUESO Y CARNE	2026-05-09 18:38:33.930264	\N	2026-05-14 19:59:06.947168	3	t	/uploads/productos/1778806746650-67188063.jpg
69	PROD-0067	CEVICHE DE CAMARON	7	1 LIBRA	55000.00	Producto CEVICHE DE CAMARON	2026-05-09 18:38:33.930264	\N	2026-05-14 20:06:38.425509	3	t	/uploads/productos/1778807198220-760499863.jpg
72	PROD-0070	CEVICHE PERUANO (Tilapia en mango)	7	1 LIBRA	38500.00	Producto CEVICHE PERUANO (Tilapia en mango)	2026-05-09 18:38:33.930264	\N	2026-05-14 20:08:46.913356	3	t	/uploads/productos/1778807326839-59504091.jpg
49	PROD-0047	FLAN	5	1 UND	80000.00	Producto FLAN	2026-05-09 18:38:33.930264	\N	2026-05-14 20:19:20.037494	3	t	/uploads/productos/1778807959948-890408896.jpg
51	PROD-0049	MANJAR BLANCO PARA 2 PERSONAS	5	2 UND	13800.00	Producto MANJAR BLANCO PARA 2 PERSONAS	2026-05-09 18:38:33.930264	\N	2026-05-14 20:21:09.394103	3	t	/uploads/productos/1778808069286-114606627.jpg
57	PROD-0055	HOJUELA	5	1 UND	4500.00	Producto HOJUELA	2026-05-09 18:38:33.930264	\N	2026-05-14 20:25:10.049285	3	t	/uploads/productos/1778808309950-478184464.jpg
59	PROD-0057	HOJUELA PEQUEÑA	5	1 UND	2800.00	Producto HOJUELA PEQUEÑA	2026-05-09 18:38:33.930264	\N	2026-05-14 20:26:51.267451	3	t	/uploads/productos/1778808411184-59708717.jpg
64	PROD-0062	POSTRE NAVIDADN (NATILLA, 2 BUÑUELO,HOJUELA)	5	1 UND	11000.00	Producto POSTRE NAVIDADN (NATILLA, 2 BUÑUELO,HOJUELA)	2026-05-09 18:38:33.930264	\N	2026-05-14 20:28:43.560371	3	t	/uploads/productos/1778808523547-417597963.jpg
\.


--
-- TOC entry 5116 (class 0 OID 16574)
-- Dependencies: 226
-- Data for Name: tipo_producto; Type: TABLE DATA; Schema: public; Owner: postgres
--

COPY public.tipo_producto (id_tipo_producto, nombre, descripcion, created_at, created_by, updated_at, updated_by, activo) FROM stdin;
1	ARROCES	Productos a base de arroz	2026-05-09 16:00:44.038017	\N	\N	\N	t
2	SOPAS	Sopas, cremas y caldos	2026-05-09 16:00:44.038017	\N	\N	\N	t
3	PLATO FUERTE	Platos principales del menú	2026-05-09 16:00:44.038017	\N	\N	\N	t
4	SALSAS	Salsas y acompañamientos líquidos	2026-05-09 16:00:44.038017	\N	\N	\N	t
5	POSTRES	Postres y preparaciones dulces	2026-05-09 16:00:44.038017	\N	\N	\N	t
6	ENTRADAS	Entradas y aperitivos	2026-05-09 16:00:44.038017	\N	\N	\N	t
7	MARISCOS	Preparaciones con pescados y mariscos	2026-05-09 16:00:44.038017	\N	\N	\N	t
8	PASTELERIA FRITA	Productos de pastelería frita	2026-05-09 16:00:44.038017	\N	\N	\N	t
9	PASTELERIA HORNEADA	Productos de pastelería horneada	2026-05-09 16:00:44.038017	\N	\N	\N	t
10	VEGETARIANO	Opciones vegetarianas	2026-05-09 16:00:44.038017	\N	\N	\N	t
11	REFRIGERIOS	Refrigerios y snacks	2026-05-09 16:00:44.038017	\N	\N	\N	t
12	DESAYUNOS	Opciones de desayuno	2026-05-09 16:00:44.038017	\N	\N	\N	t
13	REPOSTERIA	Productos de repostería	2026-05-09 16:00:44.038017	\N	\N	\N	t
14	PANADERIA	Productos de panadería	2026-05-09 16:00:44.038017	\N	\N	\N	t
15	COMBOS	Combos y paquetes promocionales	2026-05-09 16:00:44.038017	\N	\N	\N	t
16	DOMICILIO	Servicio de entrega a domicilio	2026-05-09 16:00:44.038017	\N	\N	\N	t
17	CARNES	Preparaciones a base de carne	2026-05-09 16:00:44.038017	\N	\N	\N	t
18	ENSALADAS	Ensaladas y opciones frescas	2026-05-09 16:00:44.038017	\N	\N	\N	t
19	ACOMPAÑANTE	Guarniciones y acompañamientos	2026-05-09 16:00:44.038017	\N	\N	\N	t
20	OTROS	Categorías adicionales	2026-05-09 16:00:44.038017	\N	\N	\N	t
21	NEGOCIO	Productos o servicios internos del negocio	2026-05-09 16:00:44.038017	\N	\N	\N	t
\.


--
-- TOC entry 5112 (class 0 OID 16531)
-- Dependencies: 222
-- Data for Name: usuarios; Type: TABLE DATA; Schema: public; Owner: postgres
--

COPY public.usuarios (id_usuario, cedula, correo, password_hash, rol, ultimo_login, created_at, created_by, updated_at, updated_by, activo, reset_token, reset_token_expires) FROM stdin;
2	44004348	liliysusazoncompleto@gmail.com	$2b$12$pehK6w5LTqKu1r8GHB.3mefaNlI6D3g3eO5WFlNSd/OvmGhKm19zC	ADMIN	2026-05-09 08:46:51.733159	2026-05-07 16:42:22.100414	\N	2026-05-09 08:46:51.733159	2	t	\N	\N
12	3233969484	kamosva11@gmail.com	$2b$12$ToFOHST1.VwNJPJ0oem7oea3KM2XBSve39CpnnS7M7dXPdQiGeeR6	ventas	\N	2026-06-12 20:22:58.869272	\N	\N	\N	t	\N	\N
3	44004341	fliarangomosquera@gmail.com	$2b$12$YT0qg2zy0mRpWaq2k14p7On/YqGCA92XLKV7F2tof.k.0zmGUUW4i	ventas	2026-06-12 18:28:09.33105	2026-05-07 17:45:17.30675	\N	2026-06-12 18:28:09.33105	3	t	cf38be3f5434466e4f56f0cff01cf01f120c955b708fb87447fb86d9afb38b8beab04d95aed82de506766ace722b3baed2609851b3ad41f63d5332b884db273d	2026-05-12 19:41:45.778-05
\.


--
-- TOC entry 5120 (class 0 OID 16614)
-- Dependencies: 230
-- Data for Name: ventas; Type: TABLE DATA; Schema: public; Owner: postgres
--

COPY public.ventas (id_venta, id_cliente, id_usuario, id_empleado_comision, fecha_factura, fecha_entrega, valor_factura, porcentaje_comision, valor_comision, valor_domicilio, observaciones, estado, created_at, created_by, updated_at, updated_by, activo) FROM stdin;
1	184	3	1	2026-06-11	2026-06-17	10900.00	0.00	0.00	0.00	\N	pendiente	2026-06-11 20:43:43.827084	3	\N	3	t
2	184	3	1	2026-06-12	2026-06-15	25900.00	0.00	0.00	15000.00	\N	REGISTRADA	2026-06-12 20:33:47.410386	3	\N	3	t
3	184	3	1	2026-06-12	2026-06-19	25900.00	0.00	0.00	15000.00	\N	REGISTRADA	2026-06-12 20:44:40.092862	3	\N	3	t
4	184	3	1	2026-06-12	2026-06-19	25900.00	0.00	0.00	15000.00	\N	REGISTRADA	2026-06-12 20:45:47.421566	3	\N	3	t
5	184	3	1	2026-06-12	2026-06-24	170900.00	0.00	0.00	160000.00	\N	REGISTRADA	2026-06-12 21:07:27.322323	3	\N	3	t
6	184	3	1	2026-06-12	2026-06-24	170900.00	0.00	0.00	160000.00	\N	REGISTRADA	2026-06-12 21:15:06.94591	3	\N	3	t
7	184	3	1	2026-06-12	2026-06-24	170900.00	0.00	0.00	160000.00	\N	REGISTRADA	2026-06-12 21:39:10.138867	3	\N	3	t
8	184	3	1	2026-06-12	2026-06-24	170900.00	0.00	0.00	160000.00	\N	REGISTRADA	2026-06-12 21:46:33.206337	3	\N	3	t
9	184	3	1	2026-06-12	2026-06-24	170900.00	0.00	0.00	160000.00	\N	REGISTRADA	2026-06-12 21:46:39.788246	3	\N	3	t
10	184	3	1	2026-06-12	2026-06-24	170900.00	0.00	0.00	160000.00	\N	REGISTRADA	2026-06-12 21:49:41.305772	3	\N	3	t
\.


--
-- TOC entry 5132 (class 0 OID 0)
-- Dependencies: 223
-- Name: clientes_id_cliente_seq; Type: SEQUENCE SET; Schema: public; Owner: postgres
--

SELECT pg_catalog.setval('public.clientes_id_cliente_seq', 219, true);


--
-- TOC entry 5133 (class 0 OID 0)
-- Dependencies: 219
-- Name: empleados_id_empleado_seq; Type: SEQUENCE SET; Schema: public; Owner: postgres
--

SELECT pg_catalog.setval('public.empleados_id_empleado_seq', 10, true);


--
-- TOC entry 5134 (class 0 OID 0)
-- Dependencies: 227
-- Name: productos_id_producto_seq; Type: SEQUENCE SET; Schema: public; Owner: postgres
--

SELECT pg_catalog.setval('public.productos_id_producto_seq', 213, true);


--
-- TOC entry 5135 (class 0 OID 0)
-- Dependencies: 225
-- Name: tipo_producto_id_tipo_producto_seq; Type: SEQUENCE SET; Schema: public; Owner: postgres
--

SELECT pg_catalog.setval('public.tipo_producto_id_tipo_producto_seq', 21, true);


--
-- TOC entry 5136 (class 0 OID 0)
-- Dependencies: 221
-- Name: usuarios_id_usuario_seq; Type: SEQUENCE SET; Schema: public; Owner: postgres
--

SELECT pg_catalog.setval('public.usuarios_id_usuario_seq', 12, true);


--
-- TOC entry 5137 (class 0 OID 0)
-- Dependencies: 229
-- Name: ventas_id_venta_seq; Type: SEQUENCE SET; Schema: public; Owner: postgres
--

SELECT pg_catalog.setval('public.ventas_id_venta_seq', 10, true);


--
-- TOC entry 4925 (class 2606 OID 16570)
-- Name: clientes clientes_pkey; Type: CONSTRAINT; Schema: public; Owner: postgres
--

ALTER TABLE ONLY public.clientes
    ADD CONSTRAINT clientes_pkey PRIMARY KEY (id_cliente);


--
-- TOC entry 4927 (class 2606 OID 16572)
-- Name: clientes clientes_telefono_key; Type: CONSTRAINT; Schema: public; Owner: postgres
--

ALTER TABLE ONLY public.clientes
    ADD CONSTRAINT clientes_telefono_key UNIQUE (telefono);


--
-- TOC entry 4913 (class 2606 OID 16527)
-- Name: empleados empleados_cedula_key; Type: CONSTRAINT; Schema: public; Owner: postgres
--

ALTER TABLE ONLY public.empleados
    ADD CONSTRAINT empleados_cedula_key UNIQUE (cedula);


--
-- TOC entry 4915 (class 2606 OID 16525)
-- Name: empleados empleados_pkey; Type: CONSTRAINT; Schema: public; Owner: postgres
--

ALTER TABLE ONLY public.empleados
    ADD CONSTRAINT empleados_pkey PRIMARY KEY (id_empleado);


--
-- TOC entry 4917 (class 2606 OID 16529)
-- Name: empleados empleados_telefono_key; Type: CONSTRAINT; Schema: public; Owner: postgres
--

ALTER TABLE ONLY public.empleados
    ADD CONSTRAINT empleados_telefono_key UNIQUE (telefono);


--
-- TOC entry 4938 (class 2606 OID 16607)
-- Name: productos productos_codigo_key; Type: CONSTRAINT; Schema: public; Owner: postgres
--

ALTER TABLE ONLY public.productos
    ADD CONSTRAINT productos_codigo_key UNIQUE (codigo);


--
-- TOC entry 4940 (class 2606 OID 16605)
-- Name: productos productos_pkey; Type: CONSTRAINT; Schema: public; Owner: postgres
--

ALTER TABLE ONLY public.productos
    ADD CONSTRAINT productos_pkey PRIMARY KEY (id_producto);


--
-- TOC entry 4933 (class 2606 OID 16587)
-- Name: tipo_producto tipo_producto_nombre_key; Type: CONSTRAINT; Schema: public; Owner: postgres
--

ALTER TABLE ONLY public.tipo_producto
    ADD CONSTRAINT tipo_producto_nombre_key UNIQUE (nombre);


--
-- TOC entry 4935 (class 2606 OID 16585)
-- Name: tipo_producto tipo_producto_pkey; Type: CONSTRAINT; Schema: public; Owner: postgres
--

ALTER TABLE ONLY public.tipo_producto
    ADD CONSTRAINT tipo_producto_pkey PRIMARY KEY (id_tipo_producto);


--
-- TOC entry 4919 (class 2606 OID 16550)
-- Name: usuarios usuarios_correo_key; Type: CONSTRAINT; Schema: public; Owner: postgres
--

ALTER TABLE ONLY public.usuarios
    ADD CONSTRAINT usuarios_correo_key UNIQUE (correo);


--
-- TOC entry 4921 (class 2606 OID 24924)
-- Name: usuarios usuarios_id_empleado_key; Type: CONSTRAINT; Schema: public; Owner: postgres
--

ALTER TABLE ONLY public.usuarios
    ADD CONSTRAINT usuarios_id_empleado_key UNIQUE (cedula);


--
-- TOC entry 4923 (class 2606 OID 16546)
-- Name: usuarios usuarios_pkey; Type: CONSTRAINT; Schema: public; Owner: postgres
--

ALTER TABLE ONLY public.usuarios
    ADD CONSTRAINT usuarios_pkey PRIMARY KEY (id_usuario);


--
-- TOC entry 4943 (class 2606 OID 16638)
-- Name: ventas ventas_pkey; Type: CONSTRAINT; Schema: public; Owner: postgres
--

ALTER TABLE ONLY public.ventas
    ADD CONSTRAINT ventas_pkey PRIMARY KEY (id_venta);


--
-- TOC entry 4928 (class 1259 OID 16656)
-- Name: idx_clientes_nombre; Type: INDEX; Schema: public; Owner: postgres
--

CREATE INDEX idx_clientes_nombre ON public.clientes USING btree (nombre);


--
-- TOC entry 4929 (class 1259 OID 16657)
-- Name: idx_clientes_telefono; Type: INDEX; Schema: public; Owner: postgres
--

CREATE INDEX idx_clientes_telefono ON public.clientes USING btree (telefono);


--
-- TOC entry 4936 (class 1259 OID 16658)
-- Name: idx_productos_nombre; Type: INDEX; Schema: public; Owner: postgres
--

CREATE INDEX idx_productos_nombre ON public.productos USING btree (nombre);


--
-- TOC entry 4941 (class 1259 OID 16659)
-- Name: idx_ventas_fecha; Type: INDEX; Schema: public; Owner: postgres
--

CREATE INDEX idx_ventas_fecha ON public.ventas USING btree (fecha_factura);


--
-- TOC entry 4930 (class 1259 OID 16654)
-- Name: uq_clientes_nitcc; Type: INDEX; Schema: public; Owner: postgres
--

CREATE UNIQUE INDEX uq_clientes_nitcc ON public.clientes USING btree (nit_cc) WHERE (nit_cc IS NOT NULL);


--
-- TOC entry 4931 (class 1259 OID 16655)
-- Name: uq_clientes_telefono_alt; Type: INDEX; Schema: public; Owner: postgres
--

CREATE UNIQUE INDEX uq_clientes_telefono_alt ON public.clientes USING btree (telefono_alt) WHERE (telefono_alt IS NOT NULL);


--
-- TOC entry 4961 (class 2620 OID 16721)
-- Name: ventas trg_calcular_comision; Type: TRIGGER; Schema: public; Owner: postgres
--

CREATE TRIGGER trg_calcular_comision BEFORE INSERT OR UPDATE ON public.ventas FOR EACH ROW EXECUTE FUNCTION public.calcular_comision();


--
-- TOC entry 4949 (class 2606 OID 16680)
-- Name: clientes fk_clientes_created_by; Type: FK CONSTRAINT; Schema: public; Owner: postgres
--

ALTER TABLE ONLY public.clientes
    ADD CONSTRAINT fk_clientes_created_by FOREIGN KEY (created_by) REFERENCES public.usuarios(id_usuario);


--
-- TOC entry 4950 (class 2606 OID 16685)
-- Name: clientes fk_clientes_updated_by; Type: FK CONSTRAINT; Schema: public; Owner: postgres
--

ALTER TABLE ONLY public.clientes
    ADD CONSTRAINT fk_clientes_updated_by FOREIGN KEY (updated_by) REFERENCES public.usuarios(id_usuario);


--
-- TOC entry 4944 (class 2606 OID 16660)
-- Name: empleados fk_empleados_created_by; Type: FK CONSTRAINT; Schema: public; Owner: postgres
--

ALTER TABLE ONLY public.empleados
    ADD CONSTRAINT fk_empleados_created_by FOREIGN KEY (created_by) REFERENCES public.usuarios(id_usuario);


--
-- TOC entry 4945 (class 2606 OID 16665)
-- Name: empleados fk_empleados_updated_by; Type: FK CONSTRAINT; Schema: public; Owner: postgres
--

ALTER TABLE ONLY public.empleados
    ADD CONSTRAINT fk_empleados_updated_by FOREIGN KEY (updated_by) REFERENCES public.usuarios(id_usuario);


--
-- TOC entry 4953 (class 2606 OID 16608)
-- Name: productos fk_producto_tipo; Type: FK CONSTRAINT; Schema: public; Owner: postgres
--

ALTER TABLE ONLY public.productos
    ADD CONSTRAINT fk_producto_tipo FOREIGN KEY (id_tipo_producto) REFERENCES public.tipo_producto(id_tipo_producto);


--
-- TOC entry 4954 (class 2606 OID 16700)
-- Name: productos fk_productos_created_by; Type: FK CONSTRAINT; Schema: public; Owner: postgres
--

ALTER TABLE ONLY public.productos
    ADD CONSTRAINT fk_productos_created_by FOREIGN KEY (created_by) REFERENCES public.usuarios(id_usuario);


--
-- TOC entry 4955 (class 2606 OID 16705)
-- Name: productos fk_productos_updated_by; Type: FK CONSTRAINT; Schema: public; Owner: postgres
--

ALTER TABLE ONLY public.productos
    ADD CONSTRAINT fk_productos_updated_by FOREIGN KEY (updated_by) REFERENCES public.usuarios(id_usuario);


--
-- TOC entry 4951 (class 2606 OID 16690)
-- Name: tipo_producto fk_tipo_producto_created_by; Type: FK CONSTRAINT; Schema: public; Owner: postgres
--

ALTER TABLE ONLY public.tipo_producto
    ADD CONSTRAINT fk_tipo_producto_created_by FOREIGN KEY (created_by) REFERENCES public.usuarios(id_usuario);


--
-- TOC entry 4952 (class 2606 OID 16695)
-- Name: tipo_producto fk_tipo_producto_updated_by; Type: FK CONSTRAINT; Schema: public; Owner: postgres
--

ALTER TABLE ONLY public.tipo_producto
    ADD CONSTRAINT fk_tipo_producto_updated_by FOREIGN KEY (updated_by) REFERENCES public.usuarios(id_usuario);


--
-- TOC entry 4946 (class 2606 OID 24939)
-- Name: usuarios fk_usuario_empleado; Type: FK CONSTRAINT; Schema: public; Owner: postgres
--

ALTER TABLE ONLY public.usuarios
    ADD CONSTRAINT fk_usuario_empleado FOREIGN KEY (cedula) REFERENCES public.empleados(cedula);


--
-- TOC entry 4947 (class 2606 OID 16670)
-- Name: usuarios fk_usuarios_created_by; Type: FK CONSTRAINT; Schema: public; Owner: postgres
--

ALTER TABLE ONLY public.usuarios
    ADD CONSTRAINT fk_usuarios_created_by FOREIGN KEY (created_by) REFERENCES public.usuarios(id_usuario);


--
-- TOC entry 4948 (class 2606 OID 16675)
-- Name: usuarios fk_usuarios_updated_by; Type: FK CONSTRAINT; Schema: public; Owner: postgres
--

ALTER TABLE ONLY public.usuarios
    ADD CONSTRAINT fk_usuarios_updated_by FOREIGN KEY (updated_by) REFERENCES public.usuarios(id_usuario);


--
-- TOC entry 4956 (class 2606 OID 16639)
-- Name: ventas fk_venta_cliente; Type: FK CONSTRAINT; Schema: public; Owner: postgres
--

ALTER TABLE ONLY public.ventas
    ADD CONSTRAINT fk_venta_cliente FOREIGN KEY (id_cliente) REFERENCES public.clientes(id_cliente);


--
-- TOC entry 4957 (class 2606 OID 16649)
-- Name: ventas fk_venta_empleado; Type: FK CONSTRAINT; Schema: public; Owner: postgres
--

ALTER TABLE ONLY public.ventas
    ADD CONSTRAINT fk_venta_empleado FOREIGN KEY (id_empleado_comision) REFERENCES public.empleados(id_empleado);


--
-- TOC entry 4958 (class 2606 OID 16644)
-- Name: ventas fk_venta_usuario; Type: FK CONSTRAINT; Schema: public; Owner: postgres
--

ALTER TABLE ONLY public.ventas
    ADD CONSTRAINT fk_venta_usuario FOREIGN KEY (id_usuario) REFERENCES public.usuarios(id_usuario);


--
-- TOC entry 4959 (class 2606 OID 16710)
-- Name: ventas fk_ventas_created_by; Type: FK CONSTRAINT; Schema: public; Owner: postgres
--

ALTER TABLE ONLY public.ventas
    ADD CONSTRAINT fk_ventas_created_by FOREIGN KEY (created_by) REFERENCES public.usuarios(id_usuario);


--
-- TOC entry 4960 (class 2606 OID 16715)
-- Name: ventas fk_ventas_updated_by; Type: FK CONSTRAINT; Schema: public; Owner: postgres
--

ALTER TABLE ONLY public.ventas
    ADD CONSTRAINT fk_ventas_updated_by FOREIGN KEY (updated_by) REFERENCES public.usuarios(id_usuario);


-- Completed on 2026-06-14 01:42:37

--
-- PostgreSQL database dump complete
--

\unrestrict fkDWDSImRThj74dsFhxBfqOQ5ZzMepQ6AJmEm5NHgqb28YusddNfgRlK8cSr3sA

